university_id,overall rank,overall score,academic reputation rank,academic reputation score,employer reputation rank,employer reputation score,faculty student rank,faculty student score,citations per faculty rank,citations per faculty score,international faculty rank,international faculty score,international students rank,international students score,international Research Network rank,international Research Network score,employment outcomes rank,employment outcomes score,sustainability rank,sustainability score
1,21,88.3,23,98.4,37,93.9,246,61.3,21,98.9,211.0,75.6,209.0,66.1,,,,,,
2,878,,501,4.6,501,4.1,601,6.2,601,15.8,332.0,38.5,129.0,86.8,,,,,,
3,855,,501,5.9,501,4.8,601,7.3,601,4.9,306.0,44.5,37.0,99.5,,,,,,
4,798,,501,10.6,501,16.8,471,32.8,601,7.7,601.0,3.0,444.0,27.6,,,,,,
5,113,57.3,131,56.6,162,52.5,167,74.1,384,36.1,176.0,88.3,270.0,53.2,,,,,,
6,802,,501,16.3,501,5.6,582,25.0,601,5.8,601.0,2.3,601.0,3.6,,,,,,
7,532,,501,14.6,501,3.6,512,30.0,394,34.7,301.0,45.5,478.0,24.7,,,,,,
8,10,94.5,16,99.2,39,93.5,57,95.5,49,90.6,223.0,71.9,140.0,84.9,,,,,,
9,896,,501,6.6,501,1.5,549,27.4,601,4.8,601.0,1.1,330.0,43.1,,,,,,
10,531,,501,11.4,501,10.5,231,64.1,601,15.9,601.0,2.1,596.0,16.2,,,,,,
11,715,,431,19.7,242,39.0,601,9.1,601,11.2,601.0,1.6,601.0,14.3,,,,,,
12,1086,,501,5.7,501,4.0,601,20.8,601,1.2,601.0,3.3,601.0,5.3,,,,,,
13,470,25.2,501,14.7,459,19.8,132,80.9,601,1.1,488.0,11.9,601.0,3.8,,,,,,
14,414,27.4,501,15.5,357,27.7,174,73.2,601,9.2,601.0,4.8,411.0,32.1,,,,,,
15,825,,461,18.5,329,29.3,601,12.5,601,3.7,601.0,1.2,601.0,3.1,,,,,,
16,737,,501,5.7,370,26.6,287,53.6,601,2.0,601.0,2.8,601.0,5.2,,,,,,
17,171,47.5,272,30.8,112,63.9,601,5.5,27,97.4,90.0,99.4,231.0,60.4,,,,,,
18,495,24.1,377,22.3,426,21.6,514,29.8,453,29.1,601.0,4.9,564.0,18.1,,,,,,
19,160,49.3,136,55.7,99,68.6,363,43.3,430,30.7,393.0,23.6,154.0,80.3,,,,,,
20,722,,501,5.3,501,16.2,518,29.7,601,3.2,181.0,86.7,407.0,32.4,,,,,,
21,43,77.7,41,90.4,32,94.4,601,15.2,44,93.5,44.0,100.0,30.0,99.8,,,,,,
22,690,,501,13.5,501,9.0,601,13.0,375,37.0,601.0,1.7,532.0,20.8,,,,,,
23,1026,,501,6.8,501,2.0,601,10.0,601,3.9,421.0,18.3,465.0,25.9,,,,,,
24,1285,,501,6.4,501,5.6,601,4.8,601,7.0,601.0,1.1,601.0,3.2,,,,,,
25,521,,501,7.3,501,2.1,601,6.3,54,90.1,601.0,2.5,601.0,3.2,,,,,,
26,883,,501,12.1,501,7.8,601,15.7,601,11.7,470.0,13.8,557.0,19.1,,,,,,
27,533,,501,16.5,79,78.2,531,28.7,601,2.7,529.0,9.2,506.0,22.8,,,,,,
28,439,26.5,486,17.5,501,10.9,601,11.6,434,30.4,64.0,100.0,47.0,98.9,,,,,,
29,1006,,501,3.3,501,3.9,522,29.4,601,4.9,398.0,22.7,601.0,1.9,,,,,,
30,740,,501,9.1,501,8.1,601,9.9,528,22.5,375.0,27.8,161.0,78.5,,,,,,
31,232,40.1,268,31.3,113,63.8,567,26.0,351,39.2,193.0,83.1,170.0,75.8,,,,,,
32,206,43.1,287,29.3,270,35.1,492,31.4,217,58.4,139.0,94.9,41.0,99.2,,,,,,
33,165,48.1,194,42.3,475,18.8,48,97.5,322,43.9,601.0,2.6,601.0,14.6,,,,,,
34,2,99.5,3,100.0,3,100.0,5,100.0,34,96.0,83.0,99.5,52.0,98.5,,,,,,
35,156,50.2,134,56.0,235,40.2,475,32.6,204,60.1,189.0,83.9,601.0,15.8,,,,,,
36,161,48.6,340,25.0,501,17.3,34,99.4,155,66.7,361.0,30.5,367.0,38.1,,,,,,
37,650,,501,16.4,478,18.8,601,12.0,422,31.2,385.0,25.3,601.0,5.0,,,,,,
38,146,51.4,139,54.8,147,56.0,141,79.2,410,32.5,544.0,8.1,565.0,17.9,,,,,,
39,136,53.8,172,45.8,68,80.8,364,43.3,291,48.2,156.0,92.2,135.0,85.8,,,,,,
40,577,,501,12.5,501,9.7,262,58.6,601,13.2,601.0,3.1,601.0,8.4,,,,,,
41,569,,403,20.6,501,6.8,601,6.6,267,51.6,601.0,2.2,601.0,13.6,,,,,,
42,642,,501,15.8,501,4.7,601,9.8,293,47.7,601.0,1.6,601.0,15.7,,,,,,
43,68,68.2,38,92.3,57,87.4,385,40.8,213,58.7,571.0,7.0,354.0,39.2,,,,,,
44,591,,501,11.1,475,18.8,464,33.4,601,1.3,19.0,100.0,339.0,41.7,,,,,,
45,761,,501,11.2,418,22.4,565,26.1,601,2.1,298.0,45.7,601.0,4.5,,,,,,
46,1000,,501,11.1,501,15.7,601,21.2,601,11.5,601.0,2.9,601.0,11.8,,,,,,
47,741,,501,13.7,501,9.8,410,38.2,601,11.7,512.0,10.2,601.0,6.4,,,,,,
48,317,33.5,160,49.7,501,17.4,601,6.2,282,49.9,601.0,2.9,601.0,7.7,,,,,,
49,1282,,501,4.2,501,1.7,601,6.6,601,1.1,601.0,1.1,601.0,1.2,,,,,,
50,41,79.1,52,87.5,65,83.1,176,73.1,22,98.8,539.0,8.5,601.0,12.0,,,,,,
51,37,81.4,17,98.9,24,97.3,601,19.9,58,89.7,121.0,97.1,28.0,99.9,,,,,,
52,173,47.0,159,49.9,440,20.8,459,34.1,158,66.5,292.0,48.9,329.0,43.1,,,,,,
53,332,32.4,322,26.2,347,28.4,550,27.4,274,51.0,252.0,61.7,601.0,4.2,,,,,,
54,1165,,501,5.8,501,6.4,546,27.7,601,2.2,601.0,1.6,601.0,5.9,,,,,,
55,1084,,501,3.4,501,3.6,469,32.9,601,2.2,601.0,2.8,588.0,16.6,,,,,,
56,703,,501,10.1,501,10.1,482,32.1,601,4.1,10.0,100.0,601.0,2.4,,,,,,
57,176,46.8,176,45.5,100,67.7,51,97.2,601,1.3,477.0,13.4,483.0,24.4,,,,,,
58,303,34.4,319,26.6,202,46.3,601,20.4,420,31.7,151.0,93.3,163.0,78.3,,,,,,
59,18,88.8,15,99.4,18,98.2,120,83.5,59,89.5,299.0,45.6,365.0,38.5,,,,,,
60,1123,,501,7.8,319,30.0,601,4.8,601,1.2,601.0,4.4,601.0,2.4,,,,,,
61,1174,,501,4.9,501,2.5,496,31.0,601,7.8,,,601.0,7.9,,,,,,
62,1199,,501,7.7,501,6.5,598,23.7,601,4.9,601.0,1.3,601.0,9.1,,,,,,
63,714,,501,7.8,366,27.0,366,43.2,601,1.7,460.0,14.8,601.0,13.9,,,,,,
64,62,71.0,77,74.7,63,84.3,207,67.5,276,50.7,163.0,91.3,144.0,83.6,,,,,,
65,908,,389,21.4,172,50.6,601,2.9,601,1.0,,,601.0,1.6,,,,,,
66,613,,501,3.6,501,2.2,547,27.5,330,42.1,601.0,4.6,189.0,70.8,,,,,,
67,378,29.5,501,16.4,437,20.9,489,31.5,200,60.6,327.0,40.1,601.0,6.8,,,,,,
68,1025,,501,8.9,496,17.9,601,12.8,601,11.3,601.0,1.2,601.0,1.7,,,,,,
69,240,39.6,168,46.7,274,34.5,601,11.0,370,37.5,78.0,99.8,277.0,52.4,,,,,,
70,20,88.6,10,99.9,12,99.2,197,68.7,2,100.0,374.0,28.1,218.0,63.2,,,,,,
71,622,,501,15.4,501,12.5,416,37.8,601,9.0,432.0,17.3,552.0,19.5,,,,,,
72,120,56.2,121,59.2,169,51.1,71,92.0,371,37.4,601.0,5.1,537.0,20.5,,,,,,
73,646,,501,9.4,501,12.1,601,12.4,326,43.2,371.0,28.4,393.0,33.9,,,,,,
74,956,,501,5.1,501,1.6,362,43.3,601,6.6,593.0,6.0,601.0,13.2,,,,,,
75,1027,,501,4.3,501,2.9,601,23.0,601,1.2,601.0,1.3,601.0,3.9,,,,,,
76,133,54.2,118,59.6,500,17.7,511,30.1,32,96.4,278.0,52.0,601.0,9.2,,,,,,
77,1245,,501,3.8,501,3.3,601,17.4,601,1.2,601.0,1.4,601.0,3.3,,,,,,
78,98,60.5,113,61.5,98,68.8,110,85.4,302,46.8,561.0,7.2,364.0,38.5,,,,,,
79,655,,501,12.9,501,3.1,313,49.3,601,4.0,601.0,1.3,457.0,26.5,,,,,,
80,425,27.1,261,32.5,501,14.6,601,5.1,222,57.1,601.0,1.2,601.0,1.1,,,,,,
81,905,,501,4.2,501,2.8,267,57.6,601,1.3,,,,,,,,,,
82,596,,501,8.5,501,5.8,265,57.8,535,22.0,601.0,1.0,601.0,3.2,,,,,,
83,953,,501,12.2,501,8.9,601,6.7,554,20.3,436.0,16.7,601.0,2.0,,,,,,
84,556,,356,23.5,387,25.2,601,12.1,601,15.4,455.0,15.2,193.0,70.4,,,,,,
85,188,45.7,111,61.8,316,30.1,504,30.6,244,54.1,601.0,2.3,601.0,14.8,,,,,,
86,465,25.3,310,27.4,176,49.3,356,44.0,601,1.2,601.0,2.9,601.0,2.2,,,,,,
87,989,,501,8.7,501,5.9,601,6.1,412,32.1,601.0,1.8,601.0,4.8,,,,,,
88,103,59.0,138,55.4,501,16.3,107,85.5,196,61.0,187.0,85.0,435.0,29.0,,,,,,
89,631,,469,18.1,327,29.4,389,40.3,601,2.7,601.0,1.1,601.0,7.3,,,,,,
90,907,,390,21.4,501,10.7,601,6.4,601,1.4,601.0,1.1,601.0,1.2,,,,,,
91,248,38.8,199,41.4,480,18.7,601,14.8,138,70.1,333.0,37.6,454.0,26.6,,,,,,
92,501,24.1,374,22.4,265,36.4,601,8.1,533,22.2,390.0,24.2,147.0,81.9,,,,,,
93,748,,484,17.5,501,5.6,465,33.3,601,8.2,601.0,1.3,601.0,6.1,,,,,,
94,314,33.7,348,24.2,337,28.9,237,62.5,450,29.3,439.0,16.5,383.0,36.0,,,,,,
95,392,28.5,424,19.9,501,12.8,507,30.4,601,15.4,48.0,100.0,21.0,100.0,,,,,,
96,400,28.1,246,33.9,226,42.1,323,48.3,601,1.9,601.0,1.1,601.0,1.4,,,,,,
97,671,,500,16.6,501,16.2,573,25.6,590,16.9,601.0,2.8,601.0,9.5,,,,,,
98,677,,501,14.1,501,17.5,601,16.1,531,22.3,601.0,1.9,318.0,45.0,,,,,,
99,612,,501,8.0,501,1.8,601,23.4,236,55.2,601.0,1.5,601.0,1.7,,,,,,
100,538,,485,17.5,501,8.0,541,28.0,362,38.1,559.0,7.3,563.0,18.2,,,,,,
101,7,97.3,22,98.4,9,99.8,27,99.8,64,88.1,47.0,100.0,10.0,100.0,,,,,,
102,940,,501,13.0,501,6.8,570,25.7,601,10.6,601.0,1.9,598.0,16.2,,,,,,
103,939,,501,11.5,323,29.7,601,11.6,601,4.4,601.0,3.7,601.0,2.3,,,,,,
104,832,,501,9.2,501,8.0,601,11.2,601,16.3,601.0,2.8,601.0,13.1,,,,,,
105,1077,,501,13.0,501,14.2,601,12.6,601,1.3,558.0,7.4,601.0,1.5,,,,,,
106,893,,501,5.2,501,4.8,405,39.0,601,2.5,601.0,1.1,392.0,33.9,,,,,,
107,594,,501,7.4,501,2.6,181,71.6,601,10.8,601.0,1.9,601.0,3.8,,,,,,
108,69,67.9,44,90.2,40,93.4,146,78.2,601,1.9,275.0,52.8,186.0,71.1,,,,,,
109,476,24.9,501,16.5,501,16.7,340,46.1,497,24.9,320.0,41.7,601.0,5.6,,,,,,
110,809,,501,5.9,501,2.5,487,31.6,601,1.4,521.0,9.6,412.0,31.9,,,,,,
111,982,,497,16.7,501,6.8,601,2.3,580,17.6,601.0,3.2,601.0,5.4,,,,,,
112,1212,,501,4.4,501,4.5,601,3.2,601,3.5,601.0,1.3,601.0,1.1,,,,,,
113,605,,501,7.6,501,15.5,601,17.7,601,2.2,4.0,100.0,2.0,100.0,,,,,,
114,1152,,501,5.2,501,8.8,601,1.6,472,27.3,601.0,1.6,601.0,1.1,,,,,,
115,300,34.8,307,27.6,281,33.5,358,44.0,536,21.8,135.0,95.4,304.0,46.9,,,,,,
116,859,,501,7.1,501,11.3,331,47.4,601,1.7,601.0,1.0,601.0,1.7,,,,,,
117,398,28.3,211,39.9,102,66.1,572,25.6,601,1.7,601.0,1.6,601.0,1.7,,,,,,
118,1087,,501,4.6,501,4.2,601,3.5,516,23.4,601.0,1.8,601.0,7.8,,,,,,
119,96,61.6,116,60.4,134,57.9,210,66.8,317,44.5,191.0,83.7,60.0,98.1,,,,,,
120,229,40.3,323,26.2,501,8.6,601,17.3,104,78.7,124.0,97.0,89.0,94.6,,,,,,
121,157,49.8,179,45.2,86,74.3,137,80.1,440,30.1,533.0,8.9,414.0,31.7,,,,,,
122,286,35.9,285,29.9,396,24.4,462,33.6,511,23.7,99.0,99.1,40.0,99.2,,,,,,
123,1134,,501,5.5,475,18.8,601,13.4,601,2.5,601.0,2.7,601.0,2.0,,,,,,
124,873,,501,11.8,501,17.3,540,28.1,601,1.2,601.0,1.8,601.0,1.4,,,,,,
125,1277,,501,3.1,501,4.3,601,17.1,601,4.2,601.0,1.2,601.0,1.3,,,,,,
126,784,,408,20.4,465,19.3,601,21.1,601,1.6,601.0,2.3,601.0,3.0,,,,,,
127,1126,,501,8.4,501,2.1,601,18.3,601,11.0,601.0,1.2,601.0,4.4,,,,,,
128,619,,393,21.1,321,29.9,601,13.4,601,10.3,443.0,16.0,359.0,38.9,,,,,,
129,589,,501,13.8,306,31.1,601,6.5,341,40.8,353.0,32.9,601.0,15.7,,,,,,
130,683,,308,27.4,161,52.5,601,4.8,601,4.6,601.0,1.6,601.0,1.3,,,,,,
131,22,86.3,26,97.9,92,73.1,111,85.4,186,62.1,26.0,100.0,48.0,98.9,,,,,,
132,101,59.6,100,66.3,194,47.2,133,80.9,247,53.9,490.0,11.8,601.0,11.1,,,,,,
133,123,55.9,292,28.8,118,62.9,189,70.2,111,76.1,49.0,100.0,184.0,72.4,,,,,,
134,963,,501,10.4,501,7.5,601,1.6,463,27.8,601.0,1.4,601.0,4.6,,,,,,
135,100,59.9,265,32.1,320,30.0,20,100.0,118,75.0,62.0,100.0,165.0,76.6,,,,,,
136,595,,440,19.4,314,30.2,493,31.4,601,3.1,596.0,5.9,306.0,46.6,,,,,,
137,856,,501,3.3,501,3.2,601,12.7,601,6.7,238.0,66.9,95.0,93.9,,,,,,
138,1192,,501,12.2,501,4.0,601,3.2,601,2.9,601.0,3.6,601.0,1.6,,,,,,
139,94,62.5,125,58.5,133,58.1,601,20.4,40,94.9,31.0,100.0,25.0,99.9,,,,,,
140,1153,,501,7.6,501,6.5,601,7.2,601,12.4,601.0,2.1,601.0,4.8,,,,,,
141,285,36.1,300,28.1,252,38.0,601,4.4,223,57.1,110.0,98.7,185.0,72.4,,,,,,
142,756,,501,9.2,501,4.5,390,40.1,601,15.8,601.0,2.4,601.0,9.8,,,,,,
143,1118,,501,9.8,501,3.2,601,9.4,601,3.5,,,,,,,,,,
144,148,51.0,123,58.9,117,63.0,192,69.6,601,16.0,445.0,16.0,229.0,60.6,,,,,,
145,721,,501,10.2,411,22.9,601,12.7,599,16.5,346.0,34.6,228.0,61.1,,,,,,
146,778,,501,3.8,501,4.0,601,4.6,474,27.2,237.0,67.0,142.0,83.8,,,,,,
147,923,,501,7.8,457,20.0,488,31.6,601,1.9,458.0,14.9,601.0,8.6,,,,,,
148,1151,,501,9.0,501,4.6,601,12.7,601,6.2,601.0,4.8,601.0,6.1,,,,,,
149,983,,501,11.5,501,4.9,601,8.5,601,16.1,399.0,22.4,305.0,46.8,,,,,,
150,195,44.8,269,31.2,181,48.2,601,15.2,84,84.6,38.0,100.0,314.0,46.0,,,,,,
151,306,34.1,501,13.4,501,6.1,432,36.4,4,100.0,599.0,5.7,601.0,7.6,,,,,,
152,34,82.2,60,84.2,124,60.7,223,64.8,24,98.2,21.0,100.0,116.0,89.2,,,,,,
153,555,,501,12.5,501,10.4,198,68.6,601,1.0,465.0,14.4,536.0,20.5,,,,,,
154,1013,,492,17.2,501,8.1,601,4.1,601,6.4,519.0,9.6,601.0,4.5,,,,,,
155,835,,501,15.6,501,13.5,601,8.1,601,6.8,601.0,1.3,601.0,2.8,,,,,,
156,71,67.2,120,59.3,158,52.8,53,96.6,251,53.3,51.0,100.0,242.0,57.8,,,,,,
157,114,57.0,175,45.7,207,45.8,327,47.7,63,88.4,130.0,96.0,370.0,37.5,,,,,,
158,750,,501,16.4,501,2.9,601,4.7,429,30.7,397.0,22.8,319.0,44.7,,,,,,
159,1035,,501,5.7,501,9.3,548,27.5,601,3.0,601.0,2.6,601.0,1.6,,,,,,
160,55,74.6,119,59.4,286,33.0,87,89.7,31,96.5,16.0,100.0,26.0,99.9,,,,,,
161,214,42.1,197,42.0,211,44.8,601,8.7,210,59.0,116.0,98.3,327.0,43.3,,,,,,
162,897,,501,4.4,501,2.8,339,46.1,601,4.6,601.0,5.5,601.0,10.1,,,,,,
163,1032,,501,14.2,501,17.5,601,10.6,601,1.4,502.0,10.8,601.0,2.2,,,,,,
164,1121,,501,5.7,501,6.9,601,22.6,601,1.1,,,601.0,1.6,,,,,,
165,423,27.2,490,17.2,179,48.3,601,2.2,170,64.6,448.0,15.6,486.0,24.1,,,,,,
166,1175,,501,7.2,501,9.2,601,18.1,601,2.3,601.0,1.0,601.0,1.5,,,,,,
167,403,28.0,400,20.7,434,21.2,135,80.3,601,3.8,601.0,3.6,601.0,9.3,,,,,,
168,436,26.6,351,24.0,501,8.9,306,50.5,571,18.3,336.0,37.1,601.0,7.4,,,,,,
169,597,,501,14.0,501,15.0,253,60.6,601,2.0,601.0,1.2,601.0,11.0,,,,,,
170,9,95.4,14,99.4,13,98.9,38,99.0,108,78.0,85.0,99.5,12.0,100.0,,,,,,
171,557,,333,25.4,224,42.3,601,7.8,506,24.1,601.0,4.2,601.0,13.1,,,,,,
172,808,,501,13.1,416,22.5,601,19.6,601,7.8,,,601.0,1.1,,,,,,
173,443,26.3,501,13.2,501,4.0,162,75.4,601,9.1,246.0,63.3,601.0,9.0,,,,,,
174,904,,355,23.6,462,19.3,601,6.2,601,2.8,601.0,2.9,601.0,1.3,,,,,,
175,4,98.7,2,100.0,2,100.0,10,100.0,48,92.1,57.0,100.0,64.0,97.7,,,,,,
176,925,,483,17.5,410,22.9,601,8.0,601,2.3,601.0,1.3,601.0,1.0,,,,,,
177,747,,501,2.9,501,6.6,601,1.6,187,61.8,,,328.0,43.1,,,,,,
178,46,77.1,27,97.6,34,94.2,294,52.7,300,46.8,173.0,89.1,156.0,79.0,,,,,,
179,115,57.0,109,62.0,130,58.9,382,41.0,179,63.7,466.0,14.4,127.0,87.6,,,,,,
180,660,,501,6.0,501,11.0,212,66.5,601,4.4,601.0,1.0,601.0,6.8,,,,,,
181,126,55.4,105,65.1,285,33.0,406,38.9,249,53.4,183.0,86.3,230.0,60.4,,,,,,
182,375,29.6,501,6.6,501,8.7,26,99.8,601,13.9,575.0,6.9,246.0,57.4,,,,,,
183,584,,501,7.6,501,8.4,601,23.4,601,14.9,33.0,100.0,158.0,78.5,,,,,,
184,658,,351,24.0,501,17.4,601,21.8,601,5.8,601.0,2.0,471.0,25.2,,,,,,
185,651,,501,8.1,501,8.2,601,2.1,299,46.9,367.0,29.0,111.0,89.7,,,,,,
186,755,,501,5.3,501,11.5,601,6.4,508,24.0,232.0,69.7,279.0,52.0,,,,,,
187,978,,501,13.6,235,40.2,601,5.1,601,7.1,601.0,1.4,601.0,1.4,,,,,,
188,1215,,501,5.8,501,7.2,601,5.1,601,1.5,601.0,1.0,601.0,2.2,,,,,,
189,1169,,501,4.4,501,5.2,601,15.7,601,3.4,,,601.0,7.3,,,,,,
190,180,46.3,234,35.6,132,58.2,444,35.0,194,61.1,195.0,81.9,269.0,53.7,,,,,,
191,955,,501,10.9,501,4.0,437,35.8,601,3.3,601.0,1.4,601.0,10.9,,,,,,
192,1256,,501,4.3,501,8.0,601,5.9,601,1.3,601.0,1.8,601.0,1.3,,,,,,
193,389,28.7,456,18.8,501,11.8,601,6.9,160,66.2,214.0,73.9,421.0,31.2,,,,,,
194,29,84.0,32,95.2,19,98.0,178,72.5,218,58.1,146.0,94.0,39.0,99.3,,,,,,
195,67,68.4,35,93.6,61,86.1,601,9.5,30,96.6,601.0,2.1,601.0,15.4,,,,,,
196,922,,501,11.6,501,3.1,601,10.6,423,31.2,,,,,,,,,,
197,1117,,501,12.1,501,7.6,601,17.8,601,1.6,601.0,1.1,594.0,16.4,,,,,,
198,310,33.8,225,37.6,207,45.8,251,60.8,601,6.1,601.0,1.7,601.0,11.7,,,,,,
199,280,36.4,284,30.1,230,41.1,601,18.3,93,81.6,601.0,1.3,601.0,1.2,,,,,,
200,350,31.4,429,19.7,501,5.7,601,7.5,61,89.1,277.0,52.6,570.0,17.8,,,,,,
201,742,,501,14.9,501,16.5,601,4.8,343,40.4,601.0,2.3,601.0,10.8,,,,,,
202,26,85.3,13,99.5,17,98.2,193,69.4,212,58.8,113.0,98.6,87.0,94.9,,,,,,
203,275,36.6,370,22.6,501,11.0,29,99.8,601,5.9,522.0,9.5,96.0,93.8,,,,,,
204,432,26.8,501,9.2,501,7.9,557,26.7,143,69.7,601.0,1.8,248.0,57.0,,,,,,
205,526,,501,6.1,501,1.3,22,99.9,601,1.2,601.0,1.0,601.0,1.9,,,,,,
206,903,,501,11.0,501,3.9,543,27.7,601,3.8,601.0,1.7,601.0,3.0,,,,,,
207,511,,324,26.0,156,53.0,497,31.0,601,5.9,601.0,1.2,601.0,11.3,,,,,,
208,506,,263,32.4,501,5.5,560,26.6,601,15.0,419.0,18.6,494.0,23.6,,,,,,
209,753,,501,9.7,501,14.6,601,16.1,601,2.6,2.0,100.0,491.0,23.8,,,,,,
210,1255,,501,4.4,501,6.5,601,3.5,601,1.1,601.0,1.3,601.0,3.4,,,,,,
211,351,31.4,347,24.3,260,36.6,601,5.1,159,66.4,384.0,25.5,310.0,46.2,,,,,,
212,483,24.6,345,24.5,363,27.4,601,3.6,265,51.7,534.0,8.9,601.0,9.7,,,,,,
213,457,25.7,399,20.7,501,14.9,338,46.1,452,29.1,573.0,7.0,601.0,9.1,,,,,,
214,241,39.5,228,37.0,96,70.4,601,6.9,225,56.2,244.0,63.6,396.0,33.7,,,,,,
215,590,,501,13.2,501,14.8,601,9.2,304,46.5,365.0,29.7,490.0,23.9,,,,,,
216,32,82.5,6,100.0,7,100.0,601,23.3,13,99.9,136.0,95.4,261.0,55.3,,,,,,
217,604,,501,8.9,501,7.8,466,33.2,437,30.2,376.0,27.6,601.0,15.0,,,,,,
218,570,,501,10.8,501,6.8,601,5.7,354,39.0,67.0,100.0,295.0,48.9,,,,,,
219,1253,,501,4.1,501,2.4,601,9.8,601,1.8,601.0,1.3,601.0,1.2,,,,,,
220,625,,365,22.9,221,43.1,601,20.4,601,8.2,601.0,2.5,601.0,6.3,,,,,,
221,543,,501,10.5,501,10.8,601,9.2,157,66.6,403.0,21.8,582.0,17.0,,,,,,
222,484,24.6,501,4.8,501,2.5,46,97.9,601,12.2,601.0,1.2,601.0,4.3,,,,,,
223,216,41.9,96,67.7,101,67.4,484,31.9,601,6.2,601.0,2.6,601.0,3.0,,,,,,
224,125,55.8,191,42.8,393,24.9,47,97.9,250,53.4,342.0,35.7,159.0,78.5,,,,,,
225,846,,501,10.3,501,16.2,498,30.9,601,1.3,543.0,8.3,601.0,2.7,,,,,,
226,1091,,501,7.1,501,15.9,601,11.3,601,5.2,471.0,13.8,529.0,21.0,,,,,,
227,801,,501,9.6,501,11.0,501,30.8,601,1.3,601.0,2.8,601.0,6.3,,,,,,
228,251,38.6,421,20.0,501,12.3,52,96.8,601,7.6,46.0,100.0,210.0,65.6,,,,,,
229,685,,338,25.2,200,46.5,601,13.7,601,3.0,601.0,1.2,601.0,1.6,,,,,,
230,1150,,501,11.6,501,8.0,601,13.5,601,3.3,415.0,19.7,601.0,7.9,,,,,,
231,739,,501,6.5,501,2.5,601,21.6,333,41.7,601.0,2.5,470.0,25.2,,,,,,
232,422,27.3,195,42.2,501,7.3,601,5.5,471,27.4,405.0,21.4,353.0,39.3,,,,,,
233,1251,,501,4.8,501,4.3,601,8.8,601,2.6,601.0,2.1,601.0,1.7,,,,,,
234,505,,470,18.1,368,26.8,221,64.9,601,1.8,601.0,1.2,601.0,4.9,,,,,,
235,326,32.9,501,10.7,501,6.8,601,18.7,134,70.8,18.0,100.0,71.0,97.1,,,,,,
236,1072,,501,6.8,501,6.1,601,5.9,601,12.4,601.0,1.3,601.0,5.0,,,,,,
237,293,35.1,185,44.1,166,51.8,403,39.1,601,1.8,212.0,74.7,601.0,3.5,,,,,,
238,302,34.7,325,26.0,501,13.5,95,88.3,601,15.2,430.0,17.5,476.0,24.9,,,,,,
239,17,89.0,21,98.6,23,97.6,82,90.6,33,96.0,452.0,15.3,461.0,26.3,,,,,,
240,1049,,501,4.8,501,2.4,601,6.1,601,13.8,601.0,1.7,601.0,3.6,,,,,,
241,219,41.7,326,25.9,408,23.1,3,100.0,418,31.7,469.0,14.1,384.0,35.9,,,,,,
242,1195,,501,6.6,501,4.1,601,6.8,449,29.3,,,601.0,2.0,,,,,,
243,1116,,501,6.6,501,11.3,601,20.3,601,1.5,601.0,1.9,601.0,2.5,,,,,,
244,134,54.0,204,41.2,283,33.2,402,39.2,89,82.6,140.0,94.6,72.0,97.1,,,,,,
245,387,28.9,316,26.8,283,33.2,259,59.0,601,11.7,601.0,2.5,601.0,10.1,,,,,,
246,270,36.9,203,41.3,408,23.1,245,61.4,530,22.4,531.0,9.0,601.0,14.3,,,,,,
247,854,,501,5.4,501,4.1,412,37.9,601,8.2,601.0,1.3,601.0,4.0,,,,,,
248,931,,501,5.4,501,6.1,519,29.6,601,9.0,601.0,1.3,601.0,5.2,,,,,,
249,42,78.9,31,95.9,14,98.6,54,96.6,464,27.7,461.0,14.6,77.0,95.6,,,,,,
250,670,,501,5.8,501,7.2,542,27.9,345,40.3,601.0,4.6,584.0,16.8,,,,,,
251,507,,236,35.3,294,32.3,601,5.5,500,24.8,601.0,1.1,601.0,1.8,,,,,,
252,768,,501,7.4,501,1.7,601,22.8,365,37.8,601.0,1.3,601.0,1.7,,,,,,
253,88,63.8,90,70.5,140,57.2,296,52.6,237,55.2,155.0,92.4,203.0,68.3,,,,,,
254,466,25.3,501,5.4,493,18.0,601,4.8,19,99.3,579.0,6.7,601.0,2.3,,,,,,
255,343,31.9,402,20.7,501,14.9,601,22.7,303,46.7,233.0,68.2,86.0,94.9,,,,,,
256,196,44.8,220,38.0,170,51.0,101,86.6,562,19.5,386.0,25.2,375.0,37.1,,,,,,
257,356,31.1,312,27.2,300,32.0,456,34.3,404,33.5,408.0,20.8,313.0,46.0,,,,,,
258,413,27.5,226,37.5,64,83.6,601,17.1,601,2.2,601.0,1.9,601.0,1.9,,,,,,
259,902,,501,11.5,261,36.6,601,11.2,573,18.1,601.0,3.4,601.0,3.2,,,,,,
260,875,,467,18.2,501,13.2,601,16.2,601,3.1,601.0,1.6,601.0,2.3,,,,,,
261,385,29.1,501,14.4,501,5.3,571,25.7,81,85.4,601.0,2.7,601.0,5.8,,,,,,
262,1146,,501,13.7,499,17.8,601,8.6,601,1.3,601.0,2.0,601.0,1.8,,,,,,
263,1172,,501,7.8,501,5.5,601,11.0,601,3.4,,,,,,,,,,
264,668,,501,8.8,501,4.4,241,62.1,601,2.4,601.0,1.3,576.0,17.2,,,,,,
265,667,,501,13.7,136,57.5,525,29.1,601,5.6,601.0,3.3,601.0,1.8,,,,,,
266,53,75.2,53,86.9,66,81.8,13,100.0,312,45.4,,,245.0,57.4,,,,,,
267,407,27.8,501,13.1,501,8.4,601,5.9,245,54.0,98.0,99.1,94.0,94.2,,,,,,
268,816,,501,13.6,401,24.0,601,17.1,601,10.2,601.0,1.2,573.0,17.6,,,,,,
269,534,,501,8.9,352,28.0,397,39.6,598,16.5,451.0,15.3,153.0,81.2,,,,,,
270,895,,501,13.3,501,11.6,601,14.9,601,9.9,523.0,9.5,601.0,15.4,,,,,,
271,1197,,501,8.3,501,8.0,601,9.8,601,12.7,597.0,5.9,601.0,2.6,,,,,,
272,479,24.8,501,15.5,498,17.8,601,4.8,156,66.7,601.0,2.6,312.0,46.1,,,,,,
273,492,24.2,249,33.7,424,21.9,578,25.3,601,15.5,601.0,1.9,601.0,4.0,,,,,,
274,490,24.3,457,18.7,316,30.1,503,30.7,601,13.8,227.0,70.7,466.0,25.8,,,,,,
275,695,,494,17.0,501,12.5,601,18.2,476,27.0,601.0,2.7,601.0,10.8,,,,,,
276,603,,392,21.1,459,19.8,601,2.4,378,36.6,484.0,12.9,469.0,25.3,,,,,,
277,518,,501,4.6,501,12.1,78,91.1,601,1.8,601.0,5.4,498.0,23.3,,,,,,
278,620,,501,10.6,445,20.4,391,40.0,601,1.3,312.0,43.5,345.0,41.1,,,,,,
279,633,,501,12.2,501,6.1,601,14.1,254,52.9,601.0,1.9,601.0,6.7,,,,,,
280,233,40.0,198,41.5,448,20.3,601,11.6,184,62.9,282.0,51.3,172.0,74.9,,,,,,
281,1066,,501,5.4,501,3.2,601,5.9,534,22.1,601.0,2.0,601.0,5.3,,,,,,
282,82,65.2,127,58.3,54,88.6,436,35.8,96,80.6,118.0,97.8,103.0,91.5,,,,,,
283,118,56.9,107,63.3,83,74.9,601,14.8,109,77.6,270.0,55.8,287.0,50.6,,,,,,
284,178,46.4,171,46.0,421,22.1,61,94.6,601,16.3,310.0,43.8,488.0,24.0,,,,,,
285,35,82.0,47,88.9,60,86.2,121,83.4,246,53.9,94.0,99.2,20.0,100.0,,,,,,
286,253,38.4,187,43.9,119,61.9,401,39.4,492,25.2,563.0,7.2,485.0,24.2,,,,,,
287,252,38.5,229,36.8,501,16.2,431,36.9,150,68.8,556.0,7.7,601.0,9.1,,,,,,
288,1178,,501,7.6,501,6.5,601,23.5,601,4.0,601.0,1.2,601.0,10.5,,,,,,
289,529,,378,22.3,413,22.7,601,3.9,255,52.8,601.0,1.2,601.0,2.1,,,,,,
290,540,,501,8.1,501,3.4,130,81.4,601,1.9,601.0,1.3,389.0,35.0,,,,,,
291,238,39.6,124,58.8,31,95.2,601,22.3,601,6.4,501.0,11.0,601.0,1.6,,,,,,
292,927,,501,12.6,501,3.1,601,23.4,601,3.8,601.0,1.1,601.0,1.4,,,,,,
293,371,30.3,141,54.5,388,25.1,601,17.9,601,10.2,601.0,3.1,601.0,1.8,,,,,,
294,997,,501,4.0,501,1.6,316,48.9,601,5.5,601.0,2.7,601.0,3.5,,,,,,
295,659,,501,4.0,501,2.0,601,11.7,372,37.3,179.0,87.3,429.0,30.1,,,,,,
296,287,35.6,188,43.5,299,32.1,417,37.8,435,30.4,601.0,3.4,547.0,20.0,,,,,,
297,949,,501,6.8,280,33.7,601,19.5,601,4.0,601.0,1.0,601.0,5.6,,,,,,
298,342,32.1,501,16.2,501,13.7,285,54.1,263,51.8,323.0,40.9,577.0,17.2,,,,,,
299,259,37.6,321,26.3,311,30.3,195,69.2,601,12.8,165.0,90.6,238.0,58.7,,,,,,
300,697,,501,8.1,501,16.5,601,10.2,558,19.8,225.0,71.4,175.0,74.2,,,,,,
301,360,30.9,471,18.1,135,57.7,148,78.1,601,9.1,601.0,1.3,601.0,5.2,,,,,,
302,1136,,501,7.8,249,38.2,601,4.2,601,2.4,601.0,4.9,601.0,1.3,,,,,,
303,785,,501,12.6,173,50.5,601,21.5,601,2.7,601.0,4.1,601.0,1.6,,,,,,
304,166,48.0,157,50.2,41,93.3,601,6.5,199,60.8,400.0,21.9,171.0,75.6,,,,,,
305,27,84.0,37,92.5,32,94.4,171,73.3,165,65.5,157.0,92.2,74.0,96.6,,,,,,
306,291,35.1,305,27.8,453,20.1,601,9.4,171,64.2,74.0,99.8,340.0,41.6,,,,,,
307,516,,501,9.8,501,10.2,209,66.8,601,4.7,588.0,6.3,183.0,72.5,,,,,,
308,420,27.4,403,20.6,462,19.3,486,31.7,417,31.8,266.0,56.7,422.0,31.2,,,,,,
309,1,100.0,5,100.0,4,100.0,12,100.0,6,100.0,45.0,100.0,105.0,91.4,,,,,,
310,805,,501,6.8,501,10.6,601,5.2,427,30.9,,,601.0,1.8,,,,,,
311,215,42.0,152,50.8,394,24.5,601,20.4,185,62.3,377.0,27.5,511.0,22.3,,,,,,
312,745,,501,8.2,501,9.9,601,4.7,395,34.6,250.0,62.7,337.0,41.9,,,,,,
313,325,32.9,455,18.9,206,45.8,33,99.6,601,1.1,601.0,1.2,601.0,7.4,,,,,,
314,766,,501,5.1,501,4.5,226,64.5,601,1.0,601.0,1.2,601.0,8.6,,,,,,
315,308,34.0,432,19.7,501,10.9,601,19.5,117,75.0,255.0,59.1,234.0,59.9,,,,,,
316,170,47.6,87,71.3,263,36.5,601,16.1,273,51.0,601.0,3.9,410.0,32.2,,,,,,
317,381,29.4,420,20.1,501,10.3,451,34.6,339,41.0,359.0,31.7,188.0,70.8,,,,,,
318,772,,501,3.6,501,1.3,297,52.6,601,14.0,601.0,1.6,601.0,3.4,,,,,,
319,681,,501,9.7,501,12.6,252,60.6,601,3.0,601.0,1.1,601.0,3.1,,,,,,
320,409,27.8,501,9.7,501,12.0,84,90.3,596,16.7,586.0,6.4,585.0,16.7,,,,,,
321,1163,,501,4.4,501,10.6,442,35.3,601,1.3,601.0,1.8,601.0,1.1,,,,,,
322,806,,501,7.2,501,11.4,601,7.8,527,22.6,601.0,2.0,601.0,11.2,,,,,,
323,845,,501,5.5,501,5.1,407,38.8,601,1.0,601.0,2.1,601.0,4.6,,,,,,
324,1149,,501,14.5,501,9.7,601,7.3,601,3.8,601.0,5.5,601.0,4.4,,,,,,
325,309,33.9,170,46.5,150,53.9,396,39.6,601,6.2,601.0,2.7,601.0,10.0,,,,,,
326,264,37.3,216,38.6,501,7.5,601,15.5,102,79.2,582.0,6.6,398.0,33.3,,,,,,
327,488,24.4,224,37.6,116,63.1,601,8.8,601,4.8,601.0,2.3,601.0,2.5,,,,,,
328,694,,501,9.5,501,15.0,601,20.7,360,38.4,498.0,11.2,601.0,6.8,,,,,,
329,727,,501,5.1,501,4.7,601,8.4,209,59.1,601.0,1.9,601.0,9.3,,,,,,
330,849,,501,12.5,501,5.4,601,10.0,601,2.0,80.0,99.7,601.0,2.3,,,,,,
331,1247,,501,5.3,501,6.0,601,5.9,601,3.9,601.0,4.3,599.0,16.0,,,,,,
332,212,42.5,235,35.4,501,10.4,587,24.5,85,84.4,230.0,70.4,374.0,37.1,,,,,,
333,657,,501,8.4,501,11.3,601,8.0,521,23.1,257.0,58.7,123.0,87.9,,,,,,
334,119,56.7,154,50.7,240,39.4,303,51.5,205,60.0,76.0,99.8,36.0,99.5,,,,,,
335,853,,501,10.2,501,7.0,601,11.2,588,16.9,345.0,34.7,394.0,33.8,,,,,,
336,249,38.7,263,32.4,188,47.6,217,65.5,505,24.2,601.0,5.6,283.0,51.5,,,,,,
337,973,,501,2.5,501,4.3,450,34.6,581,17.4,601.0,1.7,447.0,27.2,,,,,,
338,486,24.5,245,34.2,501,7.9,601,3.5,327,42.9,601.0,2.3,601.0,10.8,,,,,,
339,585,,501,7.9,501,9.2,601,5.5,338,41.0,207.0,77.2,201.0,68.3,,,,,,
340,918,,501,7.6,360,27.5,556,26.8,601,1.0,601.0,1.4,601.0,5.0,,,,,,
341,1250,,501,4.9,501,2.8,601,8.1,601,2.4,601.0,2.3,601.0,1.3,,,,,,
342,640,,501,12.1,501,6.1,589,24.4,309,45.7,,,601.0,2.4,,,,,,
343,57,73.5,78,74.6,48,91.1,97,87.6,131,71.1,473.0,13.7,380.0,36.2,,,,,,
344,24,86.2,20,98.6,43,93.0,85,90.2,136,70.5,245.0,63.4,390.0,34.9,,,,,,
345,580,,501,14.8,501,7.9,330,47.5,601,15.2,516.0,10.0,479.0,24.5,,,,,,
346,244,39.2,190,42.8,386,25.2,150,77.3,601,6.7,601.0,2.0,293.0,49.4,,,,,,
347,1131,,501,10.5,501,8.1,601,7.4,601,3.9,601.0,1.8,601.0,1.5,,,,,,
348,31,82.6,56,84.8,53,89.1,74,91.5,132,71.1,150.0,93.3,316.0,45.5,,,,,,
349,827,,501,4.7,501,4.6,601,6.2,601,8.2,304.0,44.7,119.0,89.0,,,,,,
350,1187,,501,7.6,501,6.0,601,4.1,557,20.0,504.0,10.5,601.0,6.5,,,,,,
351,388,28.8,501,15.3,501,16.8,145,78.6,601,13.3,329.0,39.5,601.0,11.0,,,,,,
352,144,52.2,143,53.6,144,56.4,169,73.9,549,20.5,352.0,32.9,128.0,87.0,,,,,,
353,265,37.2,320,26.4,272,34.9,108,85.5,601,15.2,601.0,4.2,281.0,51.9,,,,,,
354,1241,,501,5.1,501,3.9,601,8.7,601,3.2,601.0,1.0,601.0,2.7,,,,,,
355,561,,380,22.0,304,31.3,393,39.7,601,6.5,601.0,2.0,601.0,9.0,,,,,,
356,999,,501,4.9,501,3.8,601,15.0,483,26.3,499.0,11.1,601.0,10.1,,,,,,
357,777,,501,7.0,501,5.5,601,6.3,224,56.7,,,601.0,1.6,,,,,,
358,508,,501,4.5,501,3.0,292,52.9,601,12.7,153.0,92.9,162.0,78.4,,,,,,
359,946,,501,5.2,501,4.9,601,16.7,601,7.1,422.0,18.1,227.0,61.1,,,,,,
360,914,,445,19.1,501,10.9,601,21.2,601,1.1,,,,,,,,,,
361,72,67.1,43,90.2,192,47.4,420,37.4,113,75.4,463.0,14.5,266.0,54.2,,,,,,
362,207,42.8,227,37.1,122,60.9,601,8.3,268,51.3,34.0,100.0,83.0,95.0,,,,,,
363,643,,501,9.4,501,5.0,601,6.8,226,56.1,528.0,9.3,451.0,26.8,,,,,,
364,428,27.0,314,27.0,373,26.2,601,15.1,364,38.0,289.0,49.4,601.0,7.3,,,,,,
365,1120,,501,9.7,501,3.7,601,9.3,601,2.5,601.0,2.9,601.0,5.2,,,,,,
366,182,46.1,259,32.6,182,48.0,601,11.5,52,90.4,229.0,70.5,146.0,82.8,,,,,,
367,441,26.3,501,9.0,501,4.2,601,5.5,94,81.2,220.0,72.7,484.0,24.3,,,,,,
368,560,,479,17.7,501,13.9,346,45.5,601,5.1,601.0,4.4,236.0,59.4,,,,,,
369,961,,501,11.7,501,2.1,495,31.2,601,6.2,601.0,1.4,601.0,7.3,,,,,,
370,1009,,501,9.6,501,4.7,601,14.2,601,2.3,475.0,13.6,601.0,2.3,,,,,,
371,30,82.8,58,84.4,84,74.7,35,99.3,74,87.1,363.0,30.0,290.0,49.6,,,,,,
372,546,,501,13.5,501,17.3,275,55.7,601,15.1,601.0,2.4,601.0,10.7,,,,,,
373,217,41.8,177,45.3,229,41.4,601,9.1,180,63.4,258.0,58.4,355.0,39.2,,,,,,
374,1033,,501,8.6,501,15.0,601,6.0,601,2.3,541.0,8.3,601.0,4.4,,,,,,
375,1034,,501,6.9,501,7.1,601,15.9,601,3.2,601.0,1.0,601.0,4.0,,,,,,
376,1249,,501,8.2,501,5.1,601,4.6,601,1.6,601.0,1.3,601.0,2.9,,,,,,
377,268,37.1,289,28.9,104,65.7,270,56.3,584,17.2,517.0,9.9,182.0,72.6,,,,,,
378,728,,501,8.5,501,13.1,601,17.8,601,9.6,11.0,100.0,523.0,21.3,,,,,,
379,430,26.9,501,5.8,501,8.1,11,100.0,601,14.0,601.0,2.0,601.0,14.8,,,,,,
380,959,,501,3.7,501,5.3,384,40.9,601,9.7,601.0,3.4,601.0,3.3,,,,,,
381,1109,,501,6.2,501,7.1,601,8.4,601,6.6,295.0,46.1,601.0,1.9,,,,,,
382,530,,413,20.2,501,9.6,601,9.9,288,49.3,546.0,8.1,416.0,31.6,,,,,,
383,3,98.7,4,100.0,5,100.0,9,100.0,10,99.9,73.0,99.8,208.0,67.0,,,,,,
384,429,26.9,317,26.6,155,53.1,601,13.9,601,10.3,271.0,55.4,211.0,65.4,,,,,,
385,525,,406,20.5,466,19.3,505,30.5,466,27.7,601.0,5.0,601.0,14.9,,,,,,
386,475,25.0,298,28.3,243,38.9,601,9.8,385,36.0,600.0,5.7,601.0,4.5,,,,,,
387,553,,501,15.4,501,12.0,214,66.2,601,1.1,442.0,16.1,601.0,2.7,,,,,,
388,437,26.6,501,10.1,501,4.8,83,90.3,601,14.3,601.0,5.3,591.0,16.5,,,,,,
389,886,,501,3.4,501,2.8,411,37.9,578,17.7,601.0,2.2,601.0,3.5,,,,,,
390,340,32.2,489,17.3,501,10.2,601,3.3,120,74.9,152.0,92.9,168.0,76.3,,,,,,
391,230,40.3,231,36.5,232,40.9,250,60.9,332,42.0,601.0,2.4,601.0,13.9,,,,,,
392,774,,501,12.0,501,16.3,601,16.6,601,1.3,217.0,73.5,481.0,24.5,,,,,,
393,168,47.7,240,34.8,97,69.8,601,22.4,181,63.3,109.0,98.7,112.0,89.5,,,,,,
394,52,75.6,57,84.5,21,97.6,64,94.5,473,27.2,265.0,56.9,106.0,91.2,,,,,,
395,235,39.8,362,23.1,501,11.7,220,65.1,260,52.3,206.0,77.4,377.0,37.0,,,,,,
396,408,27.8,501,12.1,501,3.8,601,17.3,47,92.9,601.0,3.4,601.0,4.3,,,,,,
397,522,,501,4.1,501,1.3,244,61.4,328,42.4,601.0,1.1,601.0,3.4,,,,,,
398,790,,501,3.9,501,2.2,601,6.0,207,59.8,601.0,1.5,601.0,13.9,,,,,,
399,279,36.4,501,14.0,501,8.2,43,98.3,566,19.4,235.0,68.0,244.0,57.5,,,,,,
400,305,34.2,478,17.8,501,9.7,601,18.7,146,69.4,234.0,68.1,53.0,98.4,,,,,,
401,916,,501,15.2,289,32.8,601,10.2,601,2.8,601.0,1.1,601.0,1.0,,,,,,
402,376,29.6,501,15.8,501,11.7,601,15.3,114,75.4,302.0,44.9,423.0,31.1,,,,,,
403,1005,,501,5.4,501,7.1,601,17.4,601,3.5,601.0,1.3,530.0,20.9,,,,,,
404,204,43.3,117,60.3,36,94.1,515,29.8,601,5.2,476.0,13.5,372.0,37.2,,,,,,
405,764,,501,6.2,501,3.5,319,48.7,601,12.2,601.0,1.4,601.0,3.3,,,,,,
406,736,,501,15.1,153,53.2,601,23.2,601,1.8,601.0,2.2,601.0,2.6,,,,,,
407,1058,,501,9.4,501,8.3,601,3.9,601,4.9,601.0,3.7,601.0,9.7,,,,,,
408,489,24.4,501,4.6,501,2.9,30,99.8,601,10.1,601.0,1.5,601.0,2.4,,,,,,
409,6,97.4,29,96.7,52,89.9,2,100.0,7,100.0,89.0,99.4,125.0,87.7,,,,,,
410,549,,501,15.6,455,20.0,400,39.4,576,18.0,360.0,30.6,600.0,16.0,,,,,,
411,672,,501,6.0,501,10.3,201,68.3,601,1.3,601.0,1.1,568.0,17.9,,,,,,
412,19,88.7,11,99.6,16,98.4,14,100.0,233,55.6,276.0,52.7,55.0,98.4,,,,,,
413,99,60.1,145,52.4,501,14.4,118,83.6,11,99.9,540.0,8.4,601.0,6.4,,,,,,
414,494,24.1,480,17.7,416,22.5,601,5.7,441,30.0,40.0,100.0,286.0,50.8,,,,,,
415,797,,501,5.9,501,15.4,601,23.3,565,19.4,307.0,44.4,601.0,9.9,,,,,,
416,1295,,501,7.8,501,2.7,601,6.9,601,3.4,601.0,3.3,601.0,8.2,,,,,,
417,311,33.8,436,19.5,402,23.8,399,39.4,266,51.6,205.0,77.8,443.0,28.2,,,,,,
418,273,36.7,501,15.3,314,30.2,601,23.6,169,64.8,59.0,100.0,81.0,95.2,,,,,,
419,780,,501,13.7,501,9.5,592,24.2,538,21.5,601.0,1.6,601.0,7.3,,,,,,
420,966,,501,9.4,501,3.2,601,2.9,381,36.3,601.0,1.2,601.0,7.5,,,,,,
421,1242,,501,6.0,501,4.3,601,2.6,601,7.3,,,601.0,6.0,,,,,,
422,833,,501,5.7,501,8.4,601,21.6,601,3.4,315.0,42.6,545.0,20.2,,,,,,
423,628,,501,7.1,501,2.3,204,67.6,601,14.2,601.0,4.9,601.0,1.7,,,,,,
424,634,,501,10.2,268,35.6,271,56.3,601,1.1,601.0,2.2,601.0,3.5,,,,,,
425,839,,501,3.6,501,3.6,601,8.6,601,1.3,119.0,97.8,18.0,100.0,,,,,,
426,142,52.6,140,54.5,377,25.8,115,84.8,398,34.3,251.0,61.7,527.0,21.1,,,,,,
427,344,31.8,371,22.5,501,12.5,86,89.9,601,11.9,601.0,4.2,572.0,17.8,,,,,,
428,550,,379,22.1,338,28.8,601,13.0,386,36.0,601.0,2.3,601.0,5.7,,,,,,
429,665,,397,20.8,501,10.0,601,14.7,601,14.6,351.0,33.2,409.0,32.3,,,,,,
430,514,,501,3.4,501,4.7,601,7.7,101,79.3,219.0,73.1,601.0,11.2,,,,,,
431,1019,,501,9.8,501,9.7,601,22.3,601,1.5,601.0,4.8,601.0,4.5,,,,,,
432,637,,334,25.4,220,43.8,601,16.4,601,6.7,601.0,4.6,601.0,2.4,,,,,,
433,45,77.4,88,71.2,47,91.5,96,88.0,149,69.0,114.0,98.5,221.0,63.0,,,,,,
434,359,30.9,366,22.9,501,5.2,485,31.9,133,71.0,601.0,5.7,601.0,5.3,,,,,,
435,1071,,501,6.6,501,9.1,601,8.2,601,10.3,601.0,1.5,601.0,3.2,,,,,,
436,412,27.5,332,25.5,455,20.0,449,34.7,393,35.1,524.0,9.4,601.0,14.1,,,,,,
437,247,38.8,290,28.9,501,16.2,69,92.9,564,19.5,601.0,2.3,241.0,57.9,,,,,,
438,458,25.6,501,11.8,501,12.0,558,26.7,340,41.0,236.0,67.8,278.0,52.4,,,,,,
439,197,44.8,155,50.6,241,39.2,601,16.0,286,49.5,35.0,100.0,300.0,47.4,,,,,,
440,971,,501,11.3,501,9.4,494,31.3,601,9.2,601.0,1.4,601.0,7.0,,,,,,
441,179,46.4,148,51.3,72,79.6,477,32.5,235,55.5,601.0,1.5,601.0,1.6,,,,,,
442,992,,501,12.4,501,13.0,601,12.2,601,3.7,487.0,12.0,502.0,23.1,,,,,,
443,370,30.3,256,32.9,390,25.0,554,26.9,475,27.1,243.0,63.8,601.0,10.5,,,,,,
444,89,63.5,94,67.8,74,79.4,601,6.9,5,100.0,226.0,71.3,216.0,64.1,,,,,,
445,702,,462,18.5,501,4.1,601,9.8,403,33.5,601.0,2.8,601.0,15.4,,,,,,
446,988,,501,16.0,501,3.7,601,14.5,601,14.8,601.0,4.8,601.0,14.2,,,,,,
447,1162,,501,10.2,501,12.1,601,1.6,601,4.5,601.0,1.6,601.0,1.1,,,,,,
448,127,55.3,286,29.9,77,78.9,283,54.3,79,85.9,54.0,100.0,322.0,44.1,,,,,,
449,150,50.5,200,41.4,138,57.5,421,37.3,214,58.5,143.0,94.2,145.0,82.9,,,,,,
450,491,24.3,501,12.0,501,8.3,601,1.5,73,87.2,601.0,5.2,601.0,11.6,,,,,,
451,852,,501,4.7,501,4.5,601,13.4,488,26.0,601.0,3.8,601.0,5.6,,,,,,
452,510,,375,22.4,501,5.8,483,32.0,572,18.1,253.0,61.4,578.0,17.2,,,,,,
453,1288,,501,4.1,501,6.3,601,12.6,601,1.4,601.0,1.0,,,,,,,,
454,141,52.7,212,39.9,167,51.6,102,86.5,421,31.4,86.0,99.5,259.0,55.3,,,,,,
455,890,,501,11.1,482,18.4,601,18.8,601,2.6,410.0,20.7,492.0,23.7,,,,,,
456,322,33.0,501,13.9,473,19.0,601,15.3,162,65.9,112.0,98.6,138.0,85.1,,,,,,
457,131,54.8,150,51.1,332,29.1,239,62.2,287,49.3,154.0,92.6,132.0,86.2,,,,,,
458,592,,428,19.7,381,25.5,601,17.2,591,16.9,296.0,46.1,601.0,10.8,,,,,,
459,281,36.4,267,32.0,501,13.3,260,58.8,513,23.6,127.0,96.3,581.0,17.0,,,,,,
460,124,55.9,45,90.1,94,71.3,601,18.8,329,42.3,601.0,2.4,601.0,3.0,,,,,,
461,228,40.3,186,44.1,227,41.7,601,19.9,270,51.2,285.0,50.7,413.0,31.7,,,,,,
462,644,,346,24.4,286,33.0,601,15.7,601,3.6,545.0,8.1,388.0,35.1,,,,,,
463,752,,501,7.1,501,9.4,329,47.6,601,16.3,601.0,4.3,601.0,4.0,,,,,,
464,63,70.8,68,80.1,209,45.7,31,99.7,298,47.0,339.0,36.6,264.0,54.7,,,,,,
465,587,,501,4.2,501,3.8,114,84.9,601,2.7,601.0,1.6,528.0,21.1,,,,,,
466,274,36.6,460,18.7,396,24.4,601,16.9,137,70.3,56.0,100.0,152.0,81.3,,,,,,
467,744,,501,8.7,501,3.8,601,2.3,191,61.5,601.0,1.1,601.0,5.4,,,,,,
468,1004,,501,7.7,501,3.6,585,24.8,601,9.0,,,601.0,2.4,,,,,,
469,135,53.9,182,44.4,93,71.8,601,8.9,77,86.3,111.0,98.6,80.0,95.2,,,,,,
470,117,57.0,132,56.2,121,60.9,424,37.1,110,77.5,395.0,23.4,148.0,81.7,,,,,,
471,775,,501,12.1,423,22.1,600,23.7,601,3.2,601.0,5.6,289.0,49.9,,,,,,
472,384,29.1,451,18.9,365,27.2,535,28.4,601,15.2,3.0,100.0,7.0,100.0,,,,,,
473,1135,,501,9.0,325,29.6,601,12.2,601,2.4,601.0,3.9,601.0,1.3,,,,,,
474,174,46.9,162,49.6,212,44.6,568,25.9,331,42.1,96.0,99.2,169.0,76.0,,,,,,
475,83,65.2,86,71.4,89,73.8,42,98.4,334,41.3,601.0,3.6,593.0,16.5,,,,,,
476,352,31.3,501,11.5,501,15.6,601,11.7,174,64.0,75.0,99.8,62.0,97.9,,,,,,
477,255,38.3,164,47.8,214,44.4,218,65.4,601,1.5,406.0,21.3,601.0,2.3,,,,,,
478,467,25.3,501,12.0,501,5.6,463,33.6,177,63.8,601.0,2.7,601.0,4.3,,,,,,
479,632,,360,23.2,233,40.7,545,27.7,601,2.2,601.0,3.7,601.0,1.9,,,,,,
480,23,86.2,7,100.0,10,99.6,70,92.4,103,79.0,601.0,3.3,438.0,28.5,,,,,,
481,513,,464,18.5,360,27.5,398,39.5,559,19.7,433.0,17.2,601.0,6.5,,,,,,
482,480,24.7,501,4.7,501,4.3,216,65.6,320,44.1,601.0,1.5,601.0,6.2,,,,,,
483,565,,501,7.3,501,12.8,190,69.9,601,12.1,601.0,2.1,601.0,11.8,,,,,,
484,836,,501,3.4,501,1.7,562,26.4,443,29.7,601.0,1.8,601.0,2.9,,,,,,
485,652,,501,15.9,334,28.9,452,34.6,601,5.2,601.0,1.4,562.0,18.2,,,,,,
486,1129,,501,9.5,264,36.4,601,5.0,601,1.0,601.0,1.7,601.0,2.2,,,,,,
487,380,29.4,501,15.1,324,29.7,601,2.1,23,98.3,601.0,1.3,601.0,1.4,,,,,,
488,297,34.9,218,38.6,355,27.7,601,14.6,188,61.7,601.0,2.1,487.0,24.1,,,,,,
489,440,26.3,501,15.8,395,24.5,479,32.3,496,25.0,239.0,65.2,271.0,53.1,,,,,,
490,945,,501,15.0,501,7.0,601,6.3,520,23.1,564.0,7.2,601.0,1.4,,,,,,
491,1089,,501,8.2,501,6.4,601,4.7,510,23.7,601.0,1.1,601.0,1.9,,,,,,
492,107,58.3,163,48.7,396,24.4,332,47.4,87,83.7,36.0,100.0,68.0,97.3,,,,,,
493,576,,501,6.8,501,5.3,109,85.4,601,1.2,601.0,1.2,601.0,3.4,,,,,,
494,600,,501,4.2,501,2.4,601,10.2,99,79.3,601.0,1.5,601.0,3.1,,,,,,
495,1107,,501,11.2,501,7.5,601,17.1,601,3.6,601.0,2.2,601.0,3.6,,,,,,
496,1069,,501,4.8,501,11.1,474,32.7,601,1.3,601.0,1.2,601.0,1.4,,,,,,
497,938,,501,7.1,501,5.1,381,41.2,601,5.4,601.0,1.2,601.0,4.5,,,,,,
498,450,25.9,437,19.5,501,10.7,601,1.5,95,81.2,,,601.0,7.8,,,,,,
499,1041,,501,4.6,501,6.4,601,5.5,601,9.2,427.0,17.6,324.0,44.0,,,,,,
500,1054,,501,7.9,501,16.9,601,5.1,601,3.2,601.0,3.6,601.0,1.8,,,,,,
501,139,53.3,133,56.1,125,60.2,104,86.2,425,31.0,601.0,4.4,558.0,18.9,,,,,,
502,108,58.0,202,41.3,501,16.3,24,99.9,195,61.0,201.0,79.0,200.0,68.6,,,,,,
503,1206,,501,8.3,501,5.0,601,4.9,601,3.6,601.0,1.6,601.0,9.4,,,,,,
504,831,,501,7.9,501,11.0,446,34.9,601,10.3,601.0,1.2,601.0,4.2,,,,,,
505,190,45.5,192,42.7,255,37.3,349,44.8,411,32.2,180.0,86.8,85.0,94.9,,,,,,
506,889,,501,9.1,501,7.7,395,39.6,601,4.9,601.0,1.2,601.0,3.1,,,,,,
507,1097,,501,8.2,501,7.4,601,8.1,601,11.6,392.0,24.0,493.0,23.7,,,,,,
508,1190,,501,8.0,501,4.9,601,1.7,601,1.7,509.0,10.3,408.0,32.4,,,,,,
509,537,,501,4.4,501,1.9,58,95.0,601,1.9,601.0,1.4,574.0,17.4,,,,,,
510,666,,501,8.4,501,3.1,350,44.7,601,1.7,23.0,100.0,601.0,3.4,,,,,,
511,61,71.2,81,73.1,49,90.8,300,52.1,192,61.4,102.0,99.0,38.0,99.4,,,,,,
512,226,40.4,215,39.2,198,46.8,601,15.4,116,75.1,382.0,26.5,601.0,8.1,,,,,,
513,246,39.1,501,8.6,197,46.8,56,95.9,442,29.8,447.0,15.7,54.0,98.4,,,,,,
514,502,,230,36.6,501,3.8,601,9.9,484,26.2,553.0,7.9,504.0,23.0,,,,,,
515,1222,,501,10.8,501,4.9,601,4.1,601,2.3,601.0,1.2,601.0,3.0,,,,,,
516,1104,,501,8.3,501,12.7,601,14.8,601,1.7,601.0,1.3,601.0,2.3,,,,,,
517,575,,501,7.0,501,6.7,601,11.5,115,75.3,601.0,2.0,601.0,3.4,,,,,,
518,1110,,501,9.2,501,15.6,601,5.7,601,2.7,601.0,2.7,601.0,2.0,,,,,,
519,313,33.7,223,37.8,279,33.9,532,28.6,477,26.7,294.0,46.6,399.0,33.3,,,,,,
520,627,,501,11.3,490,18.1,601,17.7,369,37.6,489.0,11.8,520.0,21.6,,,,,,
521,140,53.0,294,28.7,376,25.9,312,49.7,28,97.2,28.0,100.0,130.0,86.7,,,,,,
522,548,,501,4.9,501,2.1,274,55.8,347,40.1,548.0,8.1,601.0,5.0,,,,,,
523,222,41.0,350,24.0,501,17.2,125,82.9,482,26.4,169.0,90.2,222.0,62.7,,,,,,
524,155,50.3,336,25.2,474,18.9,25,99.8,258,52.6,264.0,57.0,79.0,95.3,,,,,,
525,220,41.3,104,65.3,277,34.3,601,13.0,324,43.4,601.0,2.6,601.0,3.5,,,,,,
526,112,57.5,102,66.1,276,34.4,419,37.4,91,82.2,300.0,45.5,482.0,24.4,,,,,,
527,391,28.6,501,3.2,501,1.5,36,99.3,396,34.5,601.0,1.9,601.0,4.0,,,,,,
528,504,,501,15.2,431,21.4,161,75.6,601,1.4,601.0,2.4,601.0,1.9,,,,,,
529,913,,411,20.3,501,15.1,601,12.2,601,1.8,601.0,1.2,601.0,2.0,,,,,,
530,105,58.5,97,67.2,205,45.8,199,68.5,283,49.6,267.0,56.5,601.0,6.2,,,,,,
531,1114,,501,10.1,313,30.3,601,5.2,601,2.9,601.0,1.9,601.0,1.4,,,,,,
532,74,66.3,70,77.6,50,90.4,89,89.5,431,30.6,601.0,4.3,391.0,34.0,,,,,,
533,323,32.9,439,19.4,501,15.9,334,47.0,447,29.4,122.0,97.0,213.0,64.6,,,,,,
534,823,,501,10.5,484,18.3,595,23.9,601,4.2,601.0,1.2,601.0,2.4,,,,,,
535,663,,501,13.3,501,4.8,601,14.1,296,47.2,,,601.0,1.4,,,,,,
536,481,24.7,448,19.0,444,20.6,601,19.0,401,34.1,349.0,33.6,274.0,52.8,,,,,,
537,353,31.3,271,30.9,189,47.5,280,54.8,601,6.4,444.0,16.0,544.0,20.2,,,,,,
538,909,,501,9.5,501,17.6,373,42.3,601,1.2,601.0,3.7,601.0,2.0,,,,,,
539,163,48.2,180,45.0,51,90.4,129,81.5,601,2.5,216.0,73.6,601.0,8.9,,,,,,
540,38,80.4,28,96.8,29,95.4,601,20.9,68,87.9,60.0,100.0,13.0,100.0,,,,,,
541,1112,,501,16.1,491,18.1,601,3.0,601,1.9,601.0,1.4,601.0,1.2,,,,,,
542,1291,,501,4.6,501,3.8,601,4.3,601,2.1,,,601.0,3.5,,,,,,
543,1191,,501,12.0,501,2.1,601,10.0,601,3.5,485.0,12.8,540.0,20.4,,,,,,
544,60,71.3,128,58.1,145,56.3,123,83.2,42,94.5,203.0,78.2,268.0,54.0,,,,,,
545,239,39.6,357,23.4,471,19.0,352,44.6,253,53.0,198.0,80.6,104.0,91.5,,,,,,
546,51,75.6,63,83.4,59,86.7,276,55.2,36,95.6,387.0,25.0,379.0,36.3,,,,,,
547,435,26.7,501,14.5,481,18.6,386,40.7,589,16.9,158.0,92.1,255.0,55.9,,,,,,
548,236,39.7,240,34.8,217,44.2,575,25.4,301,46.8,199.0,79.0,252.0,56.3,,,,,,
549,373,29.8,501,8.3,501,8.5,328,47.6,438,30.2,95.0,99.2,43.0,99.1,,,,,,
550,1156,,495,16.8,501,7.8,601,8.8,601,4.1,601.0,1.2,601.0,2.5,,,,,,
551,618,,501,7.3,501,11.3,263,58.1,601,11.5,601.0,2.1,601.0,12.6,,,,,,
552,942,,501,11.2,501,8.4,601,8.4,601,1.9,129.0,96.0,335.0,42.0,,,,,,
553,951,,501,4.1,501,5.6,601,9.9,601,7.7,330.0,39.4,97.0,93.6,,,,,,
554,401,28.0,501,14.8,466,19.3,601,10.3,62,88.8,601.0,1.0,601.0,2.6,,,,,,
555,154,50.4,189,43.2,256,37.2,282,54.4,278,50.2,160.0,91.8,177.0,74.0,,,,,,
556,54,74.6,82,72.7,82,75.0,279,55.0,12,99.9,347.0,34.6,44.0,99.1,,,,,,
557,261,37.7,215,39.2,231,41.0,601,9.7,337,41.1,82.0,99.6,284.0,51.4,,,,,,
558,857,,501,9.9,501,12.6,601,6.2,415,32.0,601.0,4.0,601.0,4.6,,,,,,
559,260,37.6,106,63.9,35,94.2,601,7.5,601,3.8,601.0,2.4,601.0,1.4,,,,,,
560,189,45.6,153,50.8,251,38.0,601,6.7,154,66.8,171.0,89.8,336.0,42.0,,,,,,
561,730,,501,2.9,501,3.8,601,6.3,366,37.8,383.0,26.0,107.0,90.1,,,,,,
562,1016,,501,5.7,501,9.3,601,19.0,601,9.4,601.0,1.4,601.0,4.9,,,,,,
563,333,32.3,501,12.5,501,3.6,601,15.1,141,69.8,108.0,98.7,57.0,98.2,,,,,,
564,1128,,501,8.3,501,5.9,601,3.2,601,11.5,601.0,2.6,601.0,1.3,,,,,,
565,568,,501,13.8,501,6.4,320,48.7,601,3.8,601.0,1.9,84.0,94.9,,,,,,
566,593,,501,3.7,501,2.2,583,24.9,163,65.8,601.0,1.1,601.0,1.5,,,,,,
567,386,29.1,422,20.0,501,8.9,601,21.6,346,40.2,105.0,98.8,254.0,56.1,,,,,,
568,162,48.2,450,19.0,425,21.7,103,86.3,112,75.9,321.0,41.3,176.0,74.1,,,,,,
569,25,85.9,51,87.6,167,51.6,6,100.0,57,89.9,272.0,55.1,102.0,91.7,,,,,,
570,250,38.7,272,30.8,377,25.8,601,10.8,72,87.2,260.0,57.8,496.0,23.5,,,,,,
571,186,45.9,173,45.8,95,70.8,499,30.9,140,70.0,601.0,1.2,601.0,1.7,,,,,,
572,794,,501,11.4,501,7.3,601,14.2,467,27.6,449.0,15.4,601.0,13.1,,,,,,
573,307,34.1,309,27.4,349,28.1,65,94.1,601,1.9,601.0,2.3,590.0,16.5,,,,,,
574,497,24.1,501,9.4,501,9.4,127,82.8,601,7.4,601.0,3.6,524.0,21.2,,,,,,
575,876,,501,4.9,501,10.2,601,15.6,601,6.7,263.0,57.2,350.0,40.1,,,,,,
576,1039,,501,6.7,501,8.0,601,7.4,601,6.4,601.0,2.7,569.0,17.9,,,,,,
577,696,,501,12.6,501,10.5,429,37.0,601,2.9,601.0,1.6,199.0,69.2,,,,,,
578,1050,,501,4.3,501,2.8,601,11.0,601,12.5,,,601.0,4.3,,,,,,
579,394,28.4,501,13.1,501,9.3,122,83.2,601,3.8,595.0,5.9,120.0,88.5,,,,,,
580,364,30.8,401,20.7,404,23.8,601,6.4,311,45.5,137.0,95.3,65.0,97.5,,,,,,
581,710,,501,5.3,501,4.5,601,6.2,451,29.1,314.0,43.0,122.0,88.2,,,,,,
582,1074,,501,9.2,501,12.7,601,6.4,575,18.0,601.0,2.0,601.0,4.5,,,,,,
583,719,,501,12.9,379,25.6,394,39.7,601,1.4,601.0,1.0,601.0,3.0,,,,,,
584,799,,501,3.8,501,7.0,601,17.9,390,35.3,520.0,9.6,400.0,33.2,,,,,,
585,1064,,501,3.0,501,5.7,528,29.0,601,1.2,601.0,3.6,601.0,4.2,,,,,,
586,498,24.1,442,19.3,501,14.3,601,10.1,201,60.4,601.0,2.5,601.0,12.4,,,,,,
587,1262,,501,7.6,501,3.0,601,3.2,601,1.9,,,,,,,,,,
588,826,,501,5.1,501,5.5,601,5.6,601,7.9,259.0,58.2,78.0,95.3,,,,,,
589,65,69.8,72,76.9,46,91.7,155,76.5,285,49.6,311.0,43.6,333.0,42.6,,,,,,
590,75,66.2,67,80.6,69,80.6,142,79.1,323,43.4,555.0,7.7,601.0,15.1,,,,,,
591,1177,,501,5.0,501,2.6,526,29.1,601,3.5,601.0,1.3,601.0,1.6,,,,,,
592,227,40.3,150,51.1,501,17.7,272,56.2,574,18.0,355.0,32.6,433.0,29.3,,,,,,
593,662,,396,21.0,493,18.0,601,16.8,601,3.2,493.0,11.6,212.0,64.9,,,,,,
594,79,65.5,80,73.5,216,44.2,17,100.0,469,27.5,161.0,91.7,464.0,25.9,,,,,,
595,335,32.2,391,21.2,292,32.6,601,13.2,76,86.6,601.0,2.0,601.0,5.0,,,,,,
596,451,25.8,412,20.3,443,20.6,601,11.9,601,15.6,52.0,100.0,24.0,100.0,,,,,,
597,1185,,501,2.4,501,4.1,433,36.2,601,5.7,601.0,1.4,601.0,7.9,,,,,,
598,454,25.8,262,32.5,501,7.3,601,6.0,292,48.2,601.0,2.7,550.0,19.9,,,,,,
599,1081,,501,3.6,501,9.3,601,17.3,601,2.7,508.0,10.3,601.0,7.3,,,,,,
600,824,,501,9.8,501,6.9,601,10.4,601,8.7,483.0,13.1,257.0,55.5,,,,,,
601,734,,441,19.3,185,47.9,601,19.1,601,1.2,,,,,,,,,,
602,559,,237,35.2,501,10.0,601,17.9,601,9.4,601.0,1.5,548.0,20.0,,,,,,
603,223,40.9,302,28.0,210,44.8,213,66.5,271,51.1,505.0,10.4,543.0,20.3,,,,,,
604,284,36.2,407,20.4,501,8.9,185,71.0,601,14.1,70.0,100.0,31.0,99.8,,,,,,
605,330,32.5,418,20.1,353,27.9,513,29.8,220,57.8,274.0,53.6,458.0,26.5,,,,,,
606,545,,501,6.4,501,12.6,601,2.7,71,87.5,,,601.0,1.5,,,,,,
607,544,,501,9.8,501,7.5,591,24.3,388,35.7,305.0,44.7,233.0,60.0,,,,,,
608,996,,501,4.7,501,2.2,601,9.1,601,6.1,63.0,100.0,601.0,9.8,,,,,,
609,709,,501,12.0,302,31.6,601,22.2,601,5.1,601.0,4.0,195.0,70.3,,,,,,
610,278,36.5,433,19.6,501,8.6,168,73.9,275,50.7,424.0,17.8,385.0,35.7,,,,,,
611,551,,501,10.9,385,25.3,601,15.2,215,58.4,601.0,1.9,601.0,3.2,,,,,,
612,725,,501,15.0,501,4.2,601,8.9,382,36.2,592.0,6.1,463.0,26.0,,,,,,
613,446,26.1,315,26.8,437,20.9,415,37.8,601,4.2,159.0,92.0,601.0,3.7,,,,,,
614,869,,501,9.9,501,10.9,601,14.8,600,16.4,325.0,40.6,601.0,9.5,,,,,,
615,1078,,501,7.0,501,5.3,601,7.8,601,8.5,601.0,1.7,601.0,1.5,,,,,,
616,762,,417,20.1,175,50.4,601,10.6,601,3.0,601.0,1.3,601.0,1.2,,,,,,
617,769,,501,7.9,501,8.2,293,52.8,601,3.2,601.0,1.1,601.0,5.7,,,,,,
618,1060,,501,6.9,469,19.2,601,5.5,601,2.0,601.0,1.7,601.0,5.2,,,,,,
619,406,27.9,475,17.9,501,9.3,601,9.7,161,65.9,197.0,81.2,601.0,10.7,,,,,,
620,145,52.0,130,56.7,127,59.4,63,94.6,601,9.2,411.0,20.5,441.0,28.4,,,,,,
621,327,32.8,426,19.9,292,32.6,372,42.4,335,41.3,240.0,64.9,432.0,29.3,,,,,,
622,402,28.0,501,15.4,244,38.8,113,85.0,601,1.7,601.0,1.2,601.0,9.7,,,,,,
623,760,,501,13.1,439,20.9,601,5.1,391,35.2,601.0,1.8,601.0,6.6,,,,,,
624,858,,501,8.2,470,19.1,596,23.8,601,10.9,601.0,1.6,601.0,4.9,,,,,,
625,1061,,501,4.2,501,7.1,601,9.3,601,10.3,601.0,2.3,514.0,22.2,,,,,,
626,1036,,501,9.5,501,13.6,601,15.6,601,2.3,565.0,7.2,601.0,1.6,,,,,,
627,191,45.5,395,21.0,225,42.3,425,37.1,100,79.3,106.0,98.8,118.0,89.1,,,,,,
628,366,30.5,501,12.4,501,14.2,60,94.7,601,7.4,474.0,13.6,243.0,57.6,,,,,,
629,1261,,501,6.8,501,2.7,601,3.6,601,1.8,601.0,1.4,601.0,2.1,,,,,,
630,396,28.3,501,13.2,501,14.5,601,12.0,41,94.8,601.0,1.4,601.0,1.3,,,,,,
631,153,50.4,91,70.2,191,47.4,601,22.6,583,17.2,104.0,98.8,109.0,89.9,,,,,,
632,346,31.7,429,19.7,501,3.3,23,99.9,601,10.6,,,474.0,25.0,,,,,,
633,1269,,501,5.8,501,7.6,601,5.9,601,1.2,601.0,1.5,601.0,1.6,,,,,,
634,463,25.4,465,18.4,501,8.7,601,18.3,542,21.3,186.0,85.0,69.0,97.3,,,,,,
635,788,,501,12.9,501,7.6,454,34.4,601,8.5,,,571.0,17.8,,,,,,
636,630,,501,5.9,501,2.5,601,18.2,172,64.2,601.0,2.4,601.0,3.1,,,,,,
637,277,36.5,501,6.8,501,1.7,41,98.5,197,61.0,364.0,29.7,601.0,2.1,,,,,,
638,861,,501,6.9,501,7.1,447,34.8,601,6.1,601.0,5.6,299.0,47.9,,,,,,
639,759,,501,3.4,501,3.4,224,64.8,601,3.7,601.0,1.8,601.0,5.0,,,,,,
640,1076,,501,12.8,501,2.5,601,3.8,601,1.5,601.0,2.0,357.0,39.1,,,,,,
641,159,49.5,146,51.9,267,35.9,368,43.0,127,73.1,481.0,13.2,517.0,21.9,,,,,,
642,767,,501,6.2,501,3.3,601,19.9,461,28.0,337.0,37.1,419.0,31.3,,,,,,
643,192,45.1,435,19.5,318,30.1,179,71.8,56,90.1,601.0,1.7,406.0,32.5,,,,,,
644,1292,,501,5.1,501,2.3,601,3.0,601,3.9,601.0,1.7,601.0,2.6,,,,,,
645,574,,501,4.7,501,10.5,290,53.5,601,1.6,92.0,99.3,356.0,39.2,,,,,,
646,181,46.1,149,51.2,128,59.3,414,37.8,252,53.0,562.0,7.2,542.0,20.4,,,,,,
647,1115,,501,7.7,441,20.7,601,6.4,601,1.1,601.0,5.3,601.0,1.4,,,,,,
648,102,59.5,93,68.2,177,48.9,544,27.7,211,58.9,71.0,99.9,93.0,94.2,,,,,,
649,33,82.3,19,98.7,20,97.8,55,96.0,202,60.3,601.0,5.4,507.0,22.7,,,,,,
650,91,62.9,103,65.5,85,74.6,301,51.9,294,47.4,162.0,91.6,108.0,90.0,,,,,,
651,985,,327,25.9,501,5.2,601,5.0,601,7.2,574.0,6.9,539.0,20.5,,,,,,
652,796,,501,8.0,501,2.2,601,4.1,248,53.7,601.0,2.4,601.0,6.8,,,,,,
653,167,47.7,71,77.5,199,46.6,601,3.8,264,51.8,601.0,4.7,601.0,10.3,,,,,,
654,731,,501,4.7,501,4.1,291,53.1,601,2.0,601.0,1.2,265.0,54.6,,,,,,
655,210,42.6,115,60.8,296,32.3,601,13.6,256,52.7,551.0,8.0,499.0,23.2,,,,,,
656,707,,501,7.6,501,5.4,344,45.6,541,21.4,601.0,2.3,601.0,3.6,,,,,,
657,850,,501,13.1,501,13.0,601,15.0,601,6.9,601.0,2.8,601.0,2.5,,,,,,
658,868,,501,6.9,501,7.6,538,28.3,601,2.0,601.0,1.3,285.0,51.2,,,,,,
659,1275,,501,7.6,501,5.7,601,3.7,601,3.0,601.0,3.3,601.0,1.4,,,,,,
660,1273,,501,4.1,501,2.2,601,5.5,601,1.8,601.0,1.5,601.0,1.7,,,,,,
661,14,90.2,65,82.4,71,79.7,59,94.8,14,99.8,14.0,100.0,9.0,100.0,,,,,,
662,1141,,501,4.9,501,2.4,601,15.8,601,8.5,601.0,1.4,601.0,2.0,,,,,,
663,789,,501,8.8,501,8.4,601,6.9,308,45.9,601.0,2.1,601.0,10.0,,,,,,
664,132,54.6,257,32.8,501,12.4,50,97.2,83,85.3,279.0,51.8,559.0,18.5,,,,,,
665,130,54.8,42,90.3,114,63.5,601,9.2,407,33.1,328.0,39.8,403.0,33.0,,,,,,
666,405,27.9,501,14.9,372,26.3,601,20.8,126,73.3,601.0,3.1,601.0,3.9,,,,,,
667,482,24.6,501,9.6,501,9.9,80,90.8,601,1.0,601.0,5.5,534.0,20.7,,,,,,
668,991,,499,16.6,501,12.1,601,15.5,601,2.3,601.0,1.6,601.0,1.8,,,,,,
669,201,44.1,252,33.2,159,52.8,601,17.3,198,60.9,107.0,98.8,82.0,95.2,,,,,,
670,981,,501,6.9,501,3.8,601,11.2,457,28.7,601.0,1.7,601.0,5.1,,,,,,
671,786,,304,27.8,501,5.0,601,8.7,601,12.5,601.0,1.2,601.0,1.8,,,,,,
672,729,,501,4.5,501,3.6,268,57.3,601,1.7,601.0,1.8,275.0,52.7,,,,,,
673,336,32.2,266,32.1,501,14.2,172,73.2,601,7.7,601.0,4.1,442.0,28.3,,,,,,
674,1020,,501,7.0,501,12.9,601,7.6,561,19.6,601.0,1.1,601.0,2.3,,,,,,
675,994,,501,11.9,488,18.2,521,29.5,601,5.9,601.0,1.2,601.0,5.3,,,,,,
676,638,,501,11.3,201,46.3,601,8.1,601,8.4,138.0,94.9,371.0,37.3,,,,,,
677,964,,501,5.8,501,6.3,601,10.0,367,37.7,601.0,1.1,601.0,5.9,,,,,,
678,810,,501,10.6,501,4.9,601,18.9,490,25.5,601.0,1.9,601.0,12.5,,,,,,
679,995,,501,5.9,501,2.4,601,14.4,446,29.4,,,601.0,3.1,,,,,,
680,205,43.2,156,50.5,451,20.1,219,65.1,499,24.8,350.0,33.2,503.0,23.1,,,,,,
681,337,32.2,242,34.7,174,50.4,601,2.6,259,52.4,601.0,1.5,348.0,40.5,,,,,,
682,645,,501,13.9,497,17.8,380,41.3,601,12.3,,,415.0,31.6,,,,,,
683,793,,501,4.5,501,6.0,601,7.1,601,11.2,182.0,86.5,45.0,99.1,,,,,,
684,1258,,501,5.2,501,4.6,601,6.2,601,7.0,601.0,5.7,601.0,2.4,,,,,,
685,910,,501,14.6,291,32.7,601,10.6,601,5.1,601.0,4.0,601.0,2.9,,,,,,
686,363,30.8,364,23.0,451,20.1,131,81.1,601,10.4,601.0,2.3,526.0,21.2,,,,,,
687,795,,501,15.8,501,7.0,445,35.0,601,4.3,601.0,1.1,601.0,1.7,,,,,,
688,1164,,501,12.0,501,13.9,601,5.3,601,9.5,589.0,6.2,601.0,8.9,,,,,,
689,1021,,501,5.0,501,6.1,601,10.1,601,2.9,407.0,20.9,173.0,74.9,,,,,,
690,765,,501,4.1,501,2.1,601,10.1,479,26.5,348.0,34.4,137.0,85.6,,,,,,
691,271,36.9,416,20.1,164,52.1,601,5.8,88,83.6,325.0,40.7,187.0,70.8,,,,,,
692,1122,,501,9.6,415,22.6,601,17.9,601,1.5,601.0,3.8,601.0,2.9,,,,,,
693,891,,501,7.8,501,4.4,351,44.7,601,1.9,601.0,3.5,556.0,19.1,,,,,,
694,442,26.3,343,24.9,501,10.1,601,16.6,240,54.8,478.0,13.3,601.0,5.9,,,,,,
695,80,65.5,85,71.6,44,92.6,88,89.6,397,34.4,568.0,7.1,323.0,44.1,,,,,,
696,1111,,501,15.3,501,14.2,601,3.9,601,7.0,578.0,6.7,601.0,2.2,,,,,,
697,40,79.7,8,100.0,8,99.9,371,42.5,51,90.5,369.0,28.9,453.0,26.7,,,,,,
698,673,,359,23.2,333,29.0,601,2.4,514,23.5,601.0,1.9,601.0,13.6,,,,,,
699,1130,,501,11.2,501,13.8,601,12.1,601,1.4,601.0,4.1,601.0,1.9,,,,,,
700,1003,,459,18.7,501,9.7,601,6.9,601,1.9,601.0,1.2,601.0,3.0,,,,,,
701,1007,,501,4.9,501,12.4,601,7.7,601,2.0,420.0,18.6,553.0,19.5,,,,,,
702,1183,,501,5.8,501,1.9,601,14.0,601,5.1,,,,,,,,,,
703,562,,410,20.4,501,4.4,343,45.7,601,11.9,601.0,2.0,449.0,27.0,,,,,,
704,1011,,501,6.2,501,6.4,601,18.2,601,1.0,601.0,1.6,601.0,2.4,,,,,,
705,77,65.7,147,51.5,126,60.1,255,59.8,82,85.4,117.0,97.9,73.0,96.9,,,,,,
706,368,30.5,501,8.1,501,4.9,126,82.9,363,38.1,380.0,26.9,512.0,22.3,,,,,,
707,339,32.2,434,19.6,501,4.6,553,27.0,66,88.0,601.0,3.4,601.0,12.3,,,,,,
708,1010,,501,6.8,286,33.0,601,1.4,601,15.9,601.0,1.1,601.0,6.0,,,,,,
709,607,,501,8.6,501,6.2,601,17.5,424,31.1,319.0,41.8,191.0,70.5,,,,,,
710,588,,255,32.9,420,22.2,601,19.2,601,2.1,601.0,1.7,597.0,16.2,,,,,,
711,1143,,501,7.0,501,5.0,601,11.0,577,17.8,601.0,1.2,601.0,4.0,,,,,,
712,898,,501,10.9,501,14.8,601,13.8,601,3.9,462.0,14.5,298.0,47.9,,,,,,
713,444,26.2,501,15.1,501,8.0,601,14.2,241,54.8,507.0,10.3,50.0,98.7,,,,,,
714,493,24.2,210,40.0,501,9.7,601,7.3,517,23.3,601.0,1.5,560.0,18.4,,,,,,
715,969,,501,7.8,501,4.9,601,10.1,601,9.6,416.0,19.4,276.0,52.4,,,,,,
716,438,26.6,501,14.0,501,11.3,601,3.2,289,49.2,79.0,99.7,139.0,85.1,,,,,,
717,899,,501,8.3,254,37.5,601,23.2,601,1.3,601.0,2.2,601.0,1.8,,,,,,
718,44,77.6,76,75.8,28,95.9,21,99.9,239,55.1,262.0,57.5,190.0,70.5,,,,,,
719,924,,501,12.3,357,27.7,601,10.6,601,3.4,601.0,5.1,601.0,2.4,,,,,,
720,933,,501,5.1,501,2.7,601,11.3,290,48.5,601.0,1.7,601.0,4.9,,,,,,
721,258,38.1,254,33.1,367,26.9,601,5.0,16,99.8,457.0,15.1,601.0,6.4,,,,,,
722,1293,,501,4.7,501,2.8,601,3.9,601,5.2,598.0,5.9,601.0,7.8,,,,,,
723,528,,501,14.9,501,11.4,370,42.5,428,30.8,479.0,13.3,601.0,6.3,,,,,,
724,81,65.4,184,44.3,110,64.1,18,100.0,17,99.7,429.0,17.6,601.0,3.0,,,,,,
725,647,,373,22.4,250,38.1,601,3.0,519,23.2,370.0,28.8,601.0,7.4,,,,,,
726,5,98.0,1,100.0,1,100.0,37,99.1,3,100.0,188.0,84.2,196.0,70.1,,,,,,
727,110,57.9,99,66.9,191,47.2,517,29.7,162,65.9,211.0,76.4,212.0,64.8,,,,,,
728,320,33.1,501,9.4,501,11.0,39,99.0,601,10.0,335.0,37.2,117.0,89.2,,,,,,
729,393,28.5,501,9.1,501,10.9,92,89.3,601,1.1,468.0,14.1,70.0,97.1,,,,,,
730,965,,501,9.9,501,2.4,601,6.9,454,29.1,601.0,1.2,601.0,2.1,,,,,,
731,1211,,501,5.2,501,4.6,601,1.0,601,1.2,601.0,1.7,601.0,1.7,,,,,,
732,377,29.6,424,19.9,501,16.4,601,11.1,316,44.5,93.0,99.2,166.0,76.5,,,,,,
733,1018,,501,15.5,501,7.8,601,5.6,601,1.8,601.0,1.6,601.0,1.2,,,,,,
734,641,,501,13.1,501,12.9,527,29.1,445,29.4,601.0,2.3,601.0,12.4,,,,,,
735,1100,,501,1.9,501,3.5,601,8.7,400,34.3,601.0,1.9,601.0,1.9,,,,,,
736,609,,501,9.5,486,18.3,601,2.9,297,47.2,412.0,20.3,272.0,53.0,,,,,,
737,928,,458,18.7,501,6.3,601,18.6,601,6.9,601.0,1.6,601.0,2.2,,,,,,
738,704,,501,7.1,501,8.0,601,8.8,601,6.3,5.0,100.0,11.0,100.0,,,,,,
739,1113,,501,8.3,501,8.6,601,11.9,601,1.2,,,,,,,,,,
740,292,35.1,476,17.8,442,20.6,45,97.9,601,15.1,438.0,16.6,302.0,47.1,,,,,,
741,840,,368,22.8,501,13.5,601,1.9,601,6.4,601.0,2.6,601.0,10.3,,,,,,
742,708,,405,20.5,257,36.9,601,4.6,551,20.4,601.0,4.1,601.0,3.0,,,,,,
743,129,54.9,66,80.9,165,51.8,601,3.5,219,57.8,287.0,50.5,309.0,46.5,,,,,,
744,968,,501,7.6,501,2.4,601,4.9,387,35.8,601.0,1.3,601.0,2.1,,,,,,
745,941,,501,9.6,501,12.6,426,37.1,601,1.4,601.0,1.1,601.0,1.1,,,,,,
746,1157,,501,5.0,501,1.8,601,3.3,458,28.7,601.0,2.5,601.0,3.6,,,,,,
747,541,,299,28.2,204,45.9,491,31.4,601,1.8,,,,,,,,,,
748,1137,,501,8.4,501,3.4,601,14.3,601,3.7,601.0,2.0,601.0,1.7,,,,,,
749,1299,,501,5.6,501,10.5,601,6.1,601,5.4,601.0,1.1,601.0,8.9,,,,,,
750,453,25.8,482,17.7,501,4.7,601,18.9,142,69.7,601.0,3.2,601.0,6.1,,,,,,
751,456,25.7,296,28.6,501,17.3,601,16.8,414,32.0,601.0,3.6,296.0,48.8,,,,,,
752,1017,,501,6.2,431,21.4,601,14.4,601,1.3,601.0,1.0,601.0,3.2,,,,,,
753,76,66.2,62,83.4,159,52.8,194,69.2,216,58.4,549.0,8.1,445.0,27.5,,,,,,
754,448,26.0,335,25.3,501,7.2,247,61.1,601,9.9,,,567.0,17.9,,,,,,
755,866,,501,7.4,501,2.9,361,43.4,601,4.5,601.0,1.4,601.0,3.5,,,,,,
756,128,55.2,142,53.7,192,47.4,326,48.2,257,52.7,170.0,90.0,150.0,81.4,,,,,,
757,986,,501,13.8,501,5.3,601,8.2,601,10.3,535.0,8.7,378.0,36.6,,,,,,
758,686,,501,14.8,501,12.2,601,4.6,279,50.1,601.0,1.1,601.0,4.7,,,,,,
759,243,39.2,306,27.7,149,54.2,242,62.0,593,16.9,202.0,78.6,250.0,56.7,,,,,,
760,447,26.0,501,14.9,501,10.4,238,62.5,601,1.8,65.0,100.0,546.0,20.1,,,,,,
761,496,24.1,443,19.2,501,9.2,304,51.2,524,22.9,,,601.0,10.8,,,,,,
762,193,45.1,193,42.4,152,53.4,277,55.2,352,39.2,583.0,6.5,202.0,68.3,,,,,,
763,648,,501,13.9,501,11.0,601,6.7,601,5.8,8.0,100.0,14.0,100.0,,,,,,
764,770,,501,10.1,501,9.7,601,11.2,601,14.6,194.0,82.8,522.0,21.4,,,,,,
765,512,,452,18.9,435,21.0,278,55.1,601,1.6,313.0,43.3,601.0,3.3,,,,,,
766,374,29.6,387,21.5,501,15.3,460,33.7,193,61.3,601.0,1.4,601.0,5.0,,,,,,
767,485,24.5,501,12.5,342,28.8,601,12.0,358,38.5,120.0,97.4,418.0,31.4,,,,,,
768,1068,,501,5.4,501,2.6,601,15.0,601,11.9,601.0,1.7,601.0,8.3,,,,,,
769,122,56.0,110,61.9,109,64.2,261,58.7,350,39.3,209.0,76.9,501.0,23.2,,,,,,
770,1264,,501,5.9,501,3.1,601,9.6,601,2.9,,,,,,,,,,
771,92,62.8,169,46.7,108,64.7,203,67.6,144,69.7,97.0,99.1,32.0,99.7,,,,,,
772,1189,,501,4.1,501,2.2,601,10.5,601,6.5,437.0,16.6,535.0,20.6,,,,,,
773,1160,,501,9.4,501,7.2,601,3.6,601,5.2,601.0,2.0,601.0,2.0,,,,,,
774,720,,501,4.5,501,8.7,601,15.1,489,25.5,293.0,47.1,174.0,74.2,,,,,,
775,848,,501,15.6,500,17.7,601,8.6,601,4.3,601.0,2.9,601.0,3.8,,,,,,
776,935,,501,12.9,501,17.6,509,30.2,601,1.3,591.0,6.2,601.0,1.6,,,,,,
777,804,,501,15.4,501,8.3,601,13.2,601,2.6,601.0,1.3,601.0,7.0,,,,,,
778,884,,501,6.6,380,25.5,601,1.7,374,37.0,,,601.0,4.3,,,,,,
779,397,28.3,501,9.6,501,8.1,93,89.1,601,6.2,601.0,3.8,136.0,85.6,,,,,,
780,452,25.8,501,4.8,501,7.5,337,46.3,568,19.1,100.0,99.0,46.0,99.0,,,,,,
781,617,,501,15.6,501,14.1,601,8.3,601,9.3,248.0,63.3,51.0,98.7,,,,,,
782,383,29.3,501,10.8,501,5.6,7,100.0,592,16.9,601.0,1.3,580.0,17.2,,,,,,
783,1092,,501,7.3,501,4.0,601,10.1,601,2.7,354.0,32.8,601.0,13.2,,,,,,
784,225,40.7,385,21.6,396,24.4,188,70.3,460,28.1,17.0,100.0,90.0,94.6,,,,,,
785,474,25.1,501,11.6,501,12.6,601,17.2,319,44.2,247.0,63.3,180.0,73.2,,,,,,
786,224,40.8,95,67.8,131,58.4,601,21.5,601,11.4,601.0,1.3,533.0,20.8,,,,,,
787,1030,,501,4.6,501,4.5,601,5.1,601,14.0,601.0,1.9,601.0,10.4,,,,,,
788,1193,,501,9.0,501,2.5,601,5.6,601,8.9,,,401.0,33.0,,,,,,
789,198,44.6,274,30.8,344,28.6,470,32.9,97,80.6,66.0,100.0,426.0,30.5,,,,,,
790,503,,501,13.8,273,34.9,353,44.6,486,26.1,601.0,4.7,601.0,2.5,,,,,,
791,712,,501,2.8,501,1.8,186,70.7,601,6.7,601.0,1.4,601.0,4.0,,,,,,
792,800,,501,9.0,501,11.0,502,30.7,601,8.6,601.0,1.2,601.0,2.4,,,,,,
793,56,73.8,64,83.1,148,55.6,461,33.6,18,99.5,175.0,88.7,181.0,72.9,,,,,,
794,990,,398,20.7,501,15.3,601,12.2,601,1.6,601.0,2.1,601.0,1.4,,,,,,
795,404,27.9,427,19.8,259,36.7,254,60.5,601,5.6,510.0,10.3,292.0,49.5,,,,,,
796,1209,,501,5.3,501,7.9,601,5.3,601,2.2,601.0,5.5,601.0,5.0,,,,,,
797,1133,,501,9.6,501,10.1,601,10.7,601,3.3,601.0,2.5,601.0,1.6,,,,,,
798,912,,466,18.3,262,36.5,601,8.1,601,1.2,,,,,,,,,,
799,137,53.6,46,89.6,22,97.6,601,22.4,601,14.0,585.0,6.5,601.0,3.8,,,,,,
800,921,,501,12.8,457,20.0,601,18.9,601,1.3,601.0,1.1,601.0,2.2,,,,,,
801,164,48.1,295,28.7,383,25.4,106,85.9,242,54.5,25.0,100.0,589.0,16.5,,,,,,
802,299,34.8,344,24.7,421,22.1,601,5.3,189,61.7,144.0,94.2,110.0,89.8,,,,,,
803,564,,501,2.6,501,1.6,73,91.7,601,8.0,601.0,1.6,601.0,6.1,,,,,,
804,984,,501,14.3,501,4.1,601,1.4,601,2.3,440.0,16.2,247.0,57.1,,,,,,
805,676,,501,7.0,282,33.4,379,41.8,601,3.9,413.0,20.2,420.0,31.2,,,,,,
806,369,30.4,501,14.8,501,13.7,153,76.9,601,12.1,53.0,100.0,601.0,3.9,,,,,,
807,1166,,501,2.4,501,2.6,601,17.0,512,23.7,601.0,1.0,601.0,2.4,,,,,,
808,468,25.3,501,8.0,461,19.6,79,91.0,601,1.0,601.0,2.1,430.0,30.0,,,,,,
809,263,37.3,414,20.2,303,31.5,75,91.5,601,4.1,338.0,37.0,42.0,99.2,,,,,,
810,424,27.1,501,15.1,501,11.3,601,9.5,167,65.1,241.0,64.7,395.0,33.8,,,,,,
811,1238,,501,5.7,501,3.5,601,3.1,601,7.6,601.0,1.9,601.0,1.7,,,,,,
812,746,,501,10.1,501,8.7,601,6.1,601,10.8,215.0,73.6,23.0,100.0,,,,,,
813,58,73.1,84,71.9,55,87.9,378,41.8,69,87.8,61.0,100.0,134.0,85.9,,,,,,
814,87,64.9,138,55.5,19,98.1,36,99.2,306,46.2,388.0,24.7,308.0,46.5,,,,,,
815,623,,501,4.6,501,2.3,228,64.3,601,4.1,601.0,1.2,214.0,64.3,,,,,,
816,929,,501,13.5,501,6.3,601,18.7,601,16.0,601.0,1.5,601.0,2.0,,,,,,
817,349,31.4,477,17.8,164,52.2,249,61.0,601,3.6,316.0,42.5,164.0,76.8,,,,,,
818,194,44.9,278,30.4,253,37.5,601,20.1,90,82.3,164.0,90.8,167.0,76.4,,,,,,
819,462,25.4,501,6.8,501,3.2,81,90.6,601,2.0,587.0,6.3,204.0,67.9,,,,,,
820,116,57.0,92,69.3,296,32.3,593,24.1,125,73.5,204.0,78.1,301.0,47.3,,,,,,
821,242,39.5,501,5.2,501,4.8,100,86.6,295,47.4,20.0,100.0,8.0,100.0,,,,,,
822,301,34.7,276,30.4,406,23.8,601,14.3,151,68.7,281.0,51.5,592.0,16.5,,,,,,
823,267,37.1,174,45.7,269,35.5,309,49.9,601,11.4,538.0,8.6,294.0,49.2,,,,,,
824,678,,501,5.2,501,1.6,184,71.0,601,9.0,601.0,1.4,601.0,2.9,,,,,,
825,639,,501,6.6,501,7.4,151,77.3,601,1.2,,,601.0,7.8,,,,,,
826,698,,329,25.7,501,10.6,601,18.9,601,8.5,601.0,1.9,404.0,32.9,,,,,,
827,571,,217,38.6,375,26.0,601,10.7,601,2.7,601.0,1.2,601.0,6.0,,,,,,
828,834,,501,5.7,501,6.3,601,7.2,601,3.8,12.0,100.0,462.0,26.3,,,,,,
829,84,65.2,54,86.4,115,63.5,601,9.8,43,93.8,552.0,8.0,239.0,58.1,,,,,,
830,36,81.7,24,98.3,27,96.5,117,83.9,119,75.0,601.0,4.0,601.0,8.9,,,,,,
831,39,80.3,49,88.8,141,56.7,236,62.6,88,83.2,55.0,100.0,101.0,91.8,,,,,,
832,354,31.3,388,21.4,501,12.0,62,94.6,601,2.0,601.0,3.5,363.0,38.7,,,,,,
833,66,69.1,98,67.1,223,42.9,140,79.2,178,63.8,41.0,100.0,151.0,81.3,,,,,,
834,937,,501,10.9,501,8.6,601,15.9,560,19.6,450.0,15.3,601.0,11.0,,,,,,
835,865,,501,12.5,501,13.7,601,21.0,601,7.0,601.0,1.6,601.0,9.8,,,,,,
836,1124,,501,7.3,501,10.2,601,5.7,601,4.5,601.0,4.0,559.0,18.6,,,,,,
837,331,32.4,409,20.4,407,23.4,601,10.2,284,49.6,125.0,97.0,27.0,99.9,,,,,,
838,957,,501,6.7,501,4.1,377,41.9,601,8.9,601.0,1.2,601.0,8.6,,,,,,
839,1272,,501,6.2,488,18.2,601,4.9,601,1.1,601.0,1.3,601.0,3.0,,,,,,
840,272,36.7,219,38.5,501,8.4,517,29.7,173,64.1,601.0,4.2,452.0,26.7,,,,,,
841,693,,501,14.3,501,7.6,539,28.2,485,26.1,601.0,2.4,601.0,4.9,,,,,,
842,976,,501,15.7,501,11.9,601,23.2,601,5.8,601.0,1.5,601.0,8.3,,,,,,
843,341,32.1,167,46.8,275,34.5,601,22.4,569,19.0,,,425.0,30.5,,,,,,
844,566,,293,28.8,501,10.5,601,20.4,518,23.3,,,601.0,3.0,,,,,,
845,48,76.1,40,91.0,120,61.1,235,62.6,106,78.4,331.0,39.2,225.0,61.8,,,,,,
846,1083,,501,4.4,501,2.4,601,21.0,601,1.3,601.0,1.1,601.0,5.1,,,,,,
847,558,,501,7.6,306,31.1,166,74.3,601,1.2,601.0,4.9,601.0,1.6,,,,,,
848,656,,501,9.2,501,7.3,481,32.1,426,30.9,601.0,4.4,513.0,22.2,,,,,,
849,754,,501,9.2,349,28.1,428,37.0,601,1.1,601.0,1.2,601.0,14.2,,,,,,
850,519,,501,11.9,501,14.5,211,66.7,601,1.6,601.0,1.1,215.0,64.1,,,,,,
851,664,,501,4.8,501,2.9,183,71.1,601,5.1,601.0,1.6,601.0,3.5,,,,,,
852,509,,491,17.2,329,29.3,601,15.7,491,25.3,172.0,89.7,459.0,26.4,,,,,,
853,892,,501,5.6,501,5.8,418,37.6,601,10.2,601.0,3.9,531.0,20.9,,,,,,
854,1138,,501,8.2,501,3.1,601,10.6,601,3.3,601.0,2.0,601.0,1.6,,,,,,
855,582,,415,20.2,501,6.9,601,21.5,468,27.6,373.0,28.1,508.0,22.7,,,,,,
856,723,,501,6.9,501,15.9,258,59.3,601,1.3,547.0,8.1,601.0,1.2,,,,,,
857,684,,281,30.1,501,9.6,601,14.4,601,9.0,601.0,3.0,601.0,2.2,,,,,,
858,718,,501,5.4,501,6.0,601,8.5,601,15.4,192.0,83.6,76.0,96.2,,,,,,
859,851,,501,6.4,501,4.2,601,20.8,601,14.7,601.0,2.5,601.0,12.8,,,,,,
860,1168,,501,8.9,501,12.0,601,15.4,601,1.9,,,,,,,,,,
861,1173,,501,5.4,501,1.1,601,23.4,601,4.0,550.0,8.0,601.0,14.5,,,,,,
862,517,,488,17.4,412,22.8,360,43.5,601,5.5,581.0,6.6,178.0,73.6,,,,,,
863,445,26.1,501,11.7,402,23.8,143,79.0,601,1.6,441.0,16.1,352.0,39.5,,,,,,
864,169,47.6,112,61.5,106,65.0,601,6.0,152,68.6,500.0,11.0,601.0,15.6,,,,,,
865,237,39.6,349,24.1,501,9.6,325,48.2,45,93.3,601.0,2.8,601.0,8.5,,,,,,
866,841,,501,15.9,429,21.5,601,20.3,601,3.4,601.0,5.5,489.0,24.0,,,,,,
867,688,,501,11.4,501,3.9,601,19.3,305,46.1,601.0,1.2,601.0,2.3,,,,,,
868,536,,501,6.5,501,2.3,105,86.2,601,8.3,601.0,2.3,601.0,5.4,,,,,,
869,469,25.2,501,13.8,195,47.1,468,32.9,408,32.7,506.0,10.4,473.0,25.0,,,,,,
870,1259,,501,5.9,501,4.0,601,2.4,601,1.3,601.0,1.3,601.0,1.1,,,,,,
871,1214,,501,7.8,501,6.4,601,4.1,601,5.2,601.0,1.5,601.0,1.2,,,,,,
872,601,,423,20.0,501,7.6,347,45.3,601,8.3,601.0,1.5,601.0,8.8,,,,,,
873,218,41.8,283,30.1,301,31.7,369,42.5,348,40.0,68.0,100.0,66.0,97.4,,,,,,
874,282,36.3,301,28.0,245,38.8,601,16.7,67,88.0,601.0,1.5,601.0,1.1,,,,,,
875,1287,,501,3.6,501,6.4,601,17.6,601,1.8,601.0,1.0,601.0,1.0,,,,,,
876,427,27.0,384,21.8,501,15.0,281,54.5,553,20.3,453.0,15.2,551.0,19.6,,,,,,
877,1063,,501,7.4,501,17.0,601,16.2,601,6.7,601.0,4.6,587.0,16.6,,,,,,
878,367,30.5,419,20.1,501,12.4,139,79.3,555,20.2,494.0,11.6,601.0,11.2,,,,,,
879,1014,,501,6.2,501,2.2,561,26.5,601,1.3,601.0,1.1,601.0,2.0,,,,,,
880,844,,501,11.3,501,16.3,472,32.8,601,5.4,601.0,1.4,601.0,11.2,,,,,,
881,563,,501,5.9,501,5.4,136,80.2,601,1.4,601.0,1.8,366.0,38.2,,,,,,
882,254,38.4,501,2.6,501,4.1,66,93.4,75,86.9,,,601.0,14.1,,,,,,
883,944,,501,8.8,501,6.8,601,11.5,601,12.5,317.0,42.4,263.0,54.9,,,,,,
884,365,30.8,501,13.3,433,21.4,19,100.0,601,1.3,601.0,5.6,267.0,54.2,,,,,,
885,152,50.4,166,47.2,196,47.1,321,48.6,318,44.3,196.0,81.6,155.0,79.4,,,,,,
886,321,33.1,253,33.1,338,28.8,288,53.5,523,22.9,601.0,4.2,450.0,26.9,,,,,,
887,542,,383,21.8,501,4.9,311,49.7,601,11.8,601.0,1.2,601.0,10.2,,,,,,
888,147,51.2,129,57.8,384,25.3,601,10.7,35,95.6,309.0,44.1,373.0,37.2,,,,,,
889,900,,501,10.8,501,15.2,601,6.7,579,17.7,601.0,5.7,601.0,7.6,,,,,,
890,915,,501,4.3,501,1.8,302,51.9,601,1.6,,,,,,,,,,
891,1067,,501,5.4,501,2.6,601,9.1,601,8.2,601.0,1.4,601.0,11.0,,,,,,
892,699,,501,11.7,501,4.0,601,5.4,231,55.8,601.0,2.2,601.0,10.2,,,,,,
893,172,47.2,74,76.5,247,38.4,601,4.2,228,55.9,601.0,1.4,601.0,10.0,,,,,,
894,888,,501,4.9,501,4.4,443,35.2,601,6.0,601.0,1.1,601.0,2.0,,,,,,
895,477,24.8,501,9.4,501,7.4,601,7.7,92,81.7,326.0,40.3,601.0,6.7,,,,,,
896,970,,501,11.5,446,20.3,601,14.4,601,1.2,601.0,15.7,601.0,7.6,,,,,,
897,410,27.8,330,25.7,501,8.4,601,23.5,221,57.7,601.0,2.0,601.0,4.0,,,,,,
898,1213,,501,6.5,501,6.6,601,8.7,601,2.0,601.0,5.6,601.0,1.2,,,,,,
899,78,65.6,69,79.5,81,76.5,28,99.8,601,5.9,560.0,7.3,124.0,87.8,,,,,,
900,616,,501,8.2,501,3.3,233,63.3,601,12.2,601.0,3.4,601.0,6.2,,,,,,
901,682,,501,8.5,370,26.6,266,57.7,601,1.8,601.0,1.9,601.0,3.7,,,,,,
902,64,70.1,36,92.8,80,77.5,295,52.7,281,50.0,291.0,49.1,368.0,38.0,,,,,,
903,1059,,501,3.3,501,4.7,569,25.8,601,8.1,601.0,2.0,601.0,3.6,,,,,,
904,599,,487,17.4,501,11.6,453,34.4,601,4.1,601.0,5.3,157.0,79.0,,,,,,
905,433,26.8,313,27.1,413,22.7,581,25.1,481,26.4,542.0,8.3,249.0,57.0,,,,,,
906,867,,501,9.9,446,20.4,601,9.7,601,7.2,290.0,49.2,251.0,56.6,,,,,,
907,1252,,501,6.7,501,2.3,601,6.5,601,2.7,601.0,1.1,601.0,1.5,,,,,,
908,50,75.8,83,72.4,11,99.2,348,45.0,70,87.8,30.0,100.0,5.0,100.0,,,,,,
909,234,39.8,381,21.9,345,28.6,601,18.4,129,71.8,103.0,98.8,15.0,100.0,,,,,,
910,283,36.2,353,23.9,178,48.7,16,100.0,601,1.3,572.0,7.0,538.0,20.5,,,,,,
911,1053,,501,6.3,501,5.4,601,7.2,487,26.1,584.0,6.5,601.0,7.3,,,,,,
912,1090,,501,4.7,501,2.3,601,21.7,601,1.5,459.0,14.9,397.0,33.6,,,,,,
913,1274,,501,4.4,501,8.7,601,11.1,601,1.8,601.0,1.8,601.0,1.1,,,,,,
914,579,,282,30.1,501,8.9,601,11.4,498,24.8,601.0,1.2,601.0,11.1,,,,,,
915,211,42.6,206,41.0,501,17.6,422,37.3,153,67.1,334.0,37.5,424.0,30.9,,,,,,
916,880,,501,6.4,501,9.5,601,18.6,601,2.0,601.0,5.2,133.0,86.1,,,,,,
917,487,24.4,501,8.5,501,11.3,187,70.6,601,11.3,601.0,4.6,217.0,63.3,,,,,,
918,771,,501,5.8,501,8.3,601,13.8,459,28.6,480.0,13.2,258.0,55.5,,,,,,
919,294,35.1,108,62.8,213,44.5,601,5.3,601,3.1,404.0,21.4,273.0,52.9,,,,,,
920,813,,501,7.4,501,17.2,601,12.1,601,2.1,254.0,61.0,358.0,39.0,,,,,,
921,319,33.4,493,17.0,329,29.3,72,91.7,601,1.6,601.0,3.5,99.0,93.2,,,,,,
922,598,,501,11.4,151,53.8,324,48.3,601,1.1,601.0,3.4,601.0,1.7,,,,,,
923,822,,501,11.0,453,20.1,601,4.4,601,4.0,601.0,2.5,315.0,45.8,,,,,,
924,1154,,498,16.7,501,9.1,601,3.9,601,6.5,601.0,1.4,601.0,5.1,,,,,,
925,417,27.4,501,16.4,338,28.8,533,28.5,376,36.9,221.0,72.6,505.0,22.8,,,,,,
926,47,76.6,50,88.2,70,80.2,576,25.4,60,89.4,32.0,100.0,19.0,100.0,,,,,,
927,821,,501,8.6,462,19.3,601,12.8,478,26.5,601.0,1.3,601.0,6.9,,,,,,
928,1239,,501,5.2,501,5.2,601,3.4,601,5.5,601.0,2.5,601.0,11.0,,,,,,
929,979,,501,9.3,501,11.6,601,11.0,601,11.8,372.0,28.2,224.0,61.9,,,,,,
930,111,57.7,201,41.3,103,65.7,196,68.9,176,63.8,84.0,99.5,253.0,56.3,,,,,,
931,221,41.1,279,30.3,495,17.9,455,34.3,86,83.9,308.0,44.3,516.0,22.2,,,,,,
932,304,34.2,205,41.2,218,44.0,264,57.8,601,2.7,425.0,17.7,601.0,3.4,,,,,,
933,472,25.1,501,4.5,501,4.0,160,76.0,567,19.3,288.0,49.8,477.0,24.8,,,,,,
934,874,,501,6.6,501,6.3,537,28.3,601,7.3,601.0,1.2,601.0,3.4,,,,,,
935,315,33.6,328,25.8,336,28.9,273,56.1,419,31.7,472.0,13.8,349.0,40.3,,,,,,
936,348,31.4,448,19.0,501,7.6,94,88.4,601,3.8,601.0,3.6,131.0,86.3,,,,,,
937,419,27.4,501,15.0,501,4.3,601,12.8,53,90.4,601.0,1.5,601.0,3.5,,,,,,
938,1057,,501,4.6,501,12.2,601,6.9,601,6.2,394.0,23.6,601.0,11.2,,,,,,
939,434,26.7,501,11.9,501,5.5,49,97.4,601,8.2,601.0,1.9,601.0,1.7,,,,,,
940,527,,501,10.0,501,15.6,408,38.7,399,34.3,358.0,31.8,521.0,21.4,,,,,,
941,871,,501,4.7,501,1.6,317,48.8,601,1.5,601.0,1.1,601.0,5.5,,,,,,
942,624,,447,19.1,501,15.9,530,29.0,550,20.4,601.0,2.7,601.0,7.6,,,,,,
943,967,,501,11.9,487,18.2,601,2.5,379,36.4,601.0,1.1,601.0,4.6,,,,,,
944,500,24.1,275,30.7,501,14.6,601,6.0,368,37.7,601.0,2.1,436.0,28.9,,,,,,
945,711,,311,27.2,341,28.8,601,11.2,601,4.8,601.0,2.4,601.0,5.7,,,,,,
946,298,34.9,303,27.8,346,28.5,248,61.1,357,38.5,491.0,11.8,601.0,5.1,,,,,,
947,792,,501,5.6,501,8.8,365,43.3,595,16.8,601.0,1.4,601.0,6.8,,,,,,
948,539,,501,9.7,310,30.5,315,49.0,601,2.6,184.0,86.0,555.0,19.2,,,,,,
949,649,,501,11.7,501,3.2,601,10.4,234,55.6,601.0,1.4,518.0,21.8,,,,,,
950,290,35.4,339,25.2,354,27.7,205,67.5,601,9.7,13.0,100.0,351.0,40.1,,,,,,
951,653,,501,6.9,501,3.1,601,14.6,190,61.6,601.0,1.5,601.0,2.4,,,,,,
952,143,52.5,101,66.1,67,81.0,601,5.1,208,59.3,322.0,40.9,262.0,55.2,,,,,,
953,787,,501,7.3,501,14.8,388,40.3,601,9.6,601.0,4.0,456.0,26.6,,,,,,
954,987,,501,11.0,501,2.9,601,8.4,601,15.8,566.0,7.1,595.0,16.3,,,,,,
955,199,44.5,239,34.9,309,30.8,116,84.5,377,36.7,280.0,51.8,601.0,9.4,,,,,,
956,203,43.5,247,33.8,278,34.1,597,23.8,183,62.9,148.0,93.8,126.0,87.7,,,,,,
957,818,,473,18.0,492,18.1,601,4.3,601,12.9,434.0,17.2,601.0,10.0,,,,,,
958,917,,501,3.4,305,31.2,345,45.6,601,1.1,,,601.0,1.8,,,,,,
959,782,,501,10.8,501,16.1,510,30.1,601,2.0,283.0,50.8,601.0,2.1,,,,,,
960,932,,358,23.3,501,8.1,601,13.1,601,4.1,601.0,2.9,601.0,2.9,,,,,,
961,758,,501,1.0,501,3.7,601,18.2,315,44.7,396.0,23.2,601.0,12.8,,,,,,
962,870,,501,8.9,501,2.4,601,4.5,502,24.7,,,67.0,97.4,,,,,,
963,421,27.3,444,19.2,234,40.5,601,6.1,148,69.1,601.0,1.0,601.0,7.1,,,,,,
964,583,,501,9.7,359,27.5,520,29.5,601,4.2,133.0,95.7,297.0,48.2,,,,,,
965,372,30.0,331,25.5,501,12.3,177,72.8,601,13.5,601.0,2.2,525.0,21.2,,,,,,
966,837,,501,8.3,501,7.7,564,26.3,594,16.8,464.0,14.4,601.0,5.1,,,,,,
967,149,50.6,137,55.6,448,20.3,551,27.3,164,65.5,178.0,87.5,219.0,63.1,,,,,,
968,947,,474,17.9,322,29.9,601,14.0,601,2.5,601.0,1.1,601.0,1.1,,,,,,
969,416,27.4,337,25.2,400,24.2,563,26.4,344,40.4,414.0,20.1,601.0,7.6,,,,,,
970,426,27.1,342,24.9,311,30.3,601,12.4,380,36.4,210.0,76.1,601.0,9.5,,,,,,
971,382,29.3,501,12.1,389,25.1,601,9.8,25,98.1,601.0,2.5,601.0,2.7,,,,,,
972,187,45.7,243,34.2,468,19.2,318,48.8,1,100.0,601.0,1.2,601.0,1.8,,,,,,
973,1142,,501,6.9,501,3.6,601,13.7,601,5.9,601.0,1.4,601.0,1.5,,,,,,
974,318,33.4,501,7.3,182,48.0,156,76.4,601,2.7,147.0,94.0,3.0,100.0,,,,,,
975,411,27.7,250,33.7,391,24.9,427,37.0,601,16.0,482.0,13.1,601.0,7.6,,,,,,
976,295,35.1,361,23.1,228,41.7,577,25.4,98,80.2,601.0,2.5,601.0,5.6,,,,,,
977,415,27.4,501,7.3,501,16.9,601,17.1,65,88.1,431.0,17.4,601.0,15.4,,,,,,
978,1056,,501,11.8,501,6.9,601,5.1,601,3.4,417.0,19.3,439.0,28.4,,,,,,
979,12,90.8,39,91.1,62,85.0,91,89.5,37,95.5,27.0,100.0,198.0,69.6,,,,,,
980,732,,501,11.9,501,5.5,490,31.5,522,23.0,601.0,2.0,601.0,7.1,,,,,,
981,602,,501,11.2,501,6.8,225,64.5,601,9.2,,,601.0,10.9,,,,,,
982,586,,501,8.0,501,3.7,182,71.5,601,11.0,601.0,1.9,601.0,7.2,,,,,,
983,1248,,501,5.3,501,2.1,601,5.9,601,2.5,601.0,1.2,601.0,1.1,,,,,,
984,705,,501,8.5,501,17.6,601,6.7,601,1.5,6.0,100.0,4.0,100.0,,,,,,
985,59,72.2,48,88.9,58,87.2,601,13.9,124,73.9,42.0,100.0,17.0,100.0,,,,,,
986,395,28.4,372,22.5,501,10.0,601,2.0,105,78.7,492.0,11.8,417.0,31.6,,,,,,
987,1132,,501,10.3,501,12.1,601,6.3,601,5.9,527.0,9.4,601.0,1.4,,,,,,
988,1294,,501,3.0,501,2.9,601,4.2,601,2.9,,,601.0,2.4,,,,,,
989,362,30.9,496,16.8,501,8.7,222,64.9,307,46.0,532.0,8.9,601.0,10.1,,,,,,
990,499,24.1,468,18.2,247,38.4,333,47.2,601,9.1,601.0,2.8,427.0,30.2,,,,,,
991,843,,354,23.6,369,26.8,601,6.6,601,2.5,601.0,2.6,601.0,1.6,,,,,,
992,478,24.8,501,16.3,501,7.0,173,73.2,601,12.0,601.0,2.2,601.0,6.0,,,,,,
993,256,38.1,233,36.1,180,48.3,480,32.3,203,60.2,601.0,1.2,601.0,1.6,,,,,,
994,674,,291,28.8,501,16.1,601,10.4,601,11.0,601.0,4.9,601.0,2.0,,,,,,
995,151,50.5,213,39.6,76,79.2,601,7.5,80,85.7,213.0,74.7,141.0,83.8,,,,,,
996,334,32.3,453,18.9,90,73.4,322,48.6,601,4.8,340.0,36.5,88.0,94.8,,,,,,
997,757,,501,10.3,501,9.3,413,37.8,601,11.3,601.0,2.6,601.0,10.5,,,,,,
998,863,,501,6.6,501,9.8,529,29.0,601,2.2,200.0,79.0,554.0,19.4,,,,,,
999,390,28.7,207,40.5,501,16.5,601,7.8,321,44.1,601.0,2.0,601.0,4.9,,,,,,
1000,701,,501,6.8,501,2.4,230,64.3,601,8.0,,,586.0,16.7,,,,,,
1001,200,44.2,244,34.2,501,10.0,147,78.1,313,45.0,185.0,85.5,601.0,8.5,,,,,,
1002,776,,501,12.9,129,59.1,601,9.5,601,3.7,486.0,12.7,601.0,9.7,,,,,,
1003,1075,,501,5.2,501,3.6,601,4.6,601,15.1,,,601.0,1.1,,,,,,
1004,954,,501,5.9,501,8.3,601,10.8,601,9.1,242.0,64.2,601.0,13.9,,,,,,
1005,289,35.5,463,18.5,501,13.8,355,44.3,349,39.5,128.0,96.2,35.0,99.6,,,,,,
1006,257,38.1,196,42.0,203,46.0,163,75.4,601,5.6,601.0,2.3,601.0,5.4,,,,,,
1007,288,35.6,238,35.2,501,17.1,200,68.5,540,21.4,601.0,5.6,440.0,28.4,,,,,,
1008,781,,501,14.9,105,65.7,601,3.6,601,5.3,428.0,17.6,601.0,4.9,,,,,,
1009,860,,501,11.2,501,14.0,601,12.6,601,8.2,378.0,27.2,320.0,44.6,,,,,,
1010,930,,501,12.9,501,8.6,601,20.8,601,5.0,601.0,1.4,601.0,1.1,,,,,,
1011,819,,501,11.8,501,3.6,601,5.2,416,31.9,601.0,1.3,601.0,1.5,,,,,,
1012,814,,501,14.2,501,3.0,601,10.0,601,10.6,518.0,9.7,601.0,9.1,,,,,,
1013,266,37.2,214,39.2,258,36.8,289,53.5,529,22.4,526.0,9.4,341.0,41.5,,,,,,
1014,611,,270,31.0,326,29.5,601,14.9,601,4.0,601.0,1.6,601.0,4.1,,,,,,
1015,669,,501,3.8,501,2.9,601,4.9,507,24.0,15.0,100.0,1.0,100.0,,,,,,
1016,138,53.4,178,45.3,78,78.5,506,30.5,122,74.0,256.0,58.9,206.0,67.7,,,,,,
1017,183,46.1,221,37.9,428,21.6,180,71.7,373,37.2,218.0,73.5,220.0,63.1,,,,,,
1018,679,,501,9.2,501,13.2,601,20.9,601,14.7,72.0,99.9,515.0,22.2,,,,,,
1019,1243,,501,5.5,501,8.3,601,4.5,601,3.0,601.0,2.9,601.0,7.4,,,,,,
1020,700,,501,3.4,501,4.0,232,63.6,585,17.1,601.0,1.6,601.0,4.7,,,,,,
1021,791,,501,15.3,391,24.9,601,3.5,480,26.5,594.0,5.9,601.0,5.1,,,,,,
1022,934,,501,5.7,501,2.7,601,3.0,262,52.2,601.0,1.3,601.0,5.2,,,,,,
1023,1002,,501,8.8,501,4.7,601,11.4,601,1.2,601.0,1.0,601.0,8.4,,,,,,
1024,455,25.7,501,10.9,501,4.5,299,52.1,456,28.8,503.0,10.6,149.0,81.5,,,,,,
1025,552,,501,5.8,501,2.7,227,64.4,432,30.6,601.0,1.4,601.0,4.7,,,,,,
1026,636,,501,8.6,137,57.5,375,42.0,601,2.7,580.0,6.6,601.0,5.9,,,,,,
1027,399,28.2,501,5.4,501,6.9,68,93.1,406,33.2,,,,,,,,,,
1028,726,,501,8.8,501,13.0,307,50.4,601,2.2,601.0,3.4,509.0,22.6,,,,,,
1029,431,26.8,437,19.5,436,20.9,257,59.4,548,20.6,515.0,10.0,601.0,6.6,,,,,,
1030,1196,,501,4.4,501,8.2,601,10.3,601,4.0,601.0,2.3,468.0,25.8,,,,,,
1031,1085,,501,3.5,501,2.1,601,17.4,544,21.2,601.0,3.9,601.0,6.9,,,,,,
1032,948,,501,4.2,501,4.4,601,5.5,601,8.3,228.0,70.6,59.0,98.2,,,,,,
1033,276,36.6,376,22.3,347,28.4,601,19.9,232,55.6,115.0,98.3,91.0,94.3,,,,,,
1034,90,63.2,165,47.3,110,64.1,191,69.8,107,78.2,123.0,97.0,223.0,62.7,,,,,,
1035,943,,501,11.9,501,3.5,601,4.9,448,29.4,601.0,1.8,601.0,2.1,,,,,,
1036,460,25.5,501,9.2,171,50.6,601,6.3,413,32.1,50.0,100.0,160.0,78.5,,,,,,
1037,185,46.0,73,76.7,45,92.3,601,12.2,601,15.3,601.0,2.8,601.0,4.9,,,,,,
1038,807,,501,7.5,501,12.2,601,5.1,601,15.9,249.0,63.1,282.0,51.6,,,,,,
1039,464,25.4,501,14.7,501,6.5,112,85.0,601,6.0,,,601.0,11.2,,,,,,
1040,13,90.7,30,96.2,38,93.8,15,100.0,123,74.0,145.0,94.1,240.0,58.1,,,,,,
1041,1144,,501,9.1,501,5.8,601,18.0,601,3.4,601.0,1.6,601.0,1.2,,,,,,
1042,615,,501,4.1,501,2.2,144,78.7,601,8.1,601.0,1.7,601.0,4.2,,,,,,
1043,573,,501,7.3,501,2.7,601,17.2,130,71.4,601.0,1.2,601.0,2.3,,,,,,
1044,1179,,501,8.0,501,4.7,601,14.6,601,5.0,601.0,1.3,446.0,27.4,,,,,,
1045,1180,,501,5.4,501,4.4,601,13.0,601,7.9,,,601.0,3.7,,,,,,
1046,358,31.0,208,40.3,450,20.2,601,13.3,353,39.2,601.0,2.8,344.0,41.2,,,,,,
1047,8,95.4,18,98.7,30,95.3,134,80.4,15,99.8,22.0,100.0,58.0,98.2,,,,,,
1048,355,31.2,501,11.3,501,14.6,164,75.2,503,24.5,208.0,76.9,455.0,26.6,,,,,,
1049,1088,,501,6.3,501,3.7,601,8.3,601,11.4,601.0,2.8,601.0,7.5,,,,,,
1050,815,,501,7.4,501,8.6,601,6.2,525,22.9,601.0,2.6,575.0,17.4,,,,,,
1051,85,65.0,61,83.8,139,57.3,599,23.7,238,55.1,88.0,99.5,92.0,94.3,,,,,,
1052,245,39.2,135,55.7,308,30.9,601,9.9,230,55.8,601.0,3.3,601.0,6.4,,,,,,
1053,1158,,501,10.6,501,15.7,601,3.2,601,2.7,601.0,1.0,601.0,1.3,,,,,,
1054,184,46.0,501,13.7,501,10.5,76,91.3,168,65.1,9.0,100.0,235.0,59.7,,,,,,
1055,1148,,501,10.6,501,4.3,601,5.7,601,2.8,601.0,1.1,601.0,6.1,,,,,,
1056,581,,501,10.8,501,6.1,601,22.7,361,38.2,261.0,57.5,541.0,20.4,,,,,,
1057,1194,,501,10.9,501,2.4,601,1.1,601,3.5,454.0,15.2,475.0,24.9,,,,,,
1058,735,,501,16.2,215,44.3,552,27.2,601,1.3,601.0,1.9,601.0,3.0,,,,,,
1059,1037,,501,6.9,501,7.5,601,5.0,601,9.6,601.0,1.5,601.0,9.8,,,,,,
1060,175,46.9,161,49.7,184,47.9,157,76.4,455,28.9,590.0,6.2,601.0,12.5,,,,,,
1061,515,,501,11.6,479,18.7,601,15.1,470,27.4,37.0,100.0,207.0,67.2,,,,,,
1062,621,,501,3.9,501,2.3,601,18.9,166,65.3,,,,,,,,,,
1063,535,,501,6.0,501,6.6,438,35.8,314,44.9,456.0,15.1,332.0,43.0,,,,,,
1064,262,37.4,232,36.2,360,27.5,243,61.9,383,36.2,601.0,2.2,601.0,5.9,,,,,,
1065,567,,501,10.0,501,16.5,240,62.2,601,9.1,,,431.0,29.7,,,,,,
1066,783,,501,11.4,294,32.3,601,19.9,601,4.8,426.0,17.6,311.0,46.1,,,,,,
1067,418,27.4,501,8.3,501,8.5,4,100.0,601,12.7,601.0,1.5,601.0,10.6,,,,,,
1068,1263,,501,11.0,501,6.6,601,2.2,601,2.9,601.0,1.1,601.0,1.1,,,,,,
1069,520,,501,9.8,501,5.4,165,74.5,601,16.3,601.0,5.2,601.0,7.3,,,,,,
1070,879,,501,6.7,501,7.8,601,14.9,495,25.1,,,347.0,40.6,,,,,,
1071,109,57.9,144,53.3,238,39.8,601,21.9,55,90.1,69.0,100.0,33.0,99.7,,,,,,
1072,347,31.6,297,28.5,334,28.9,586,24.6,336,41.1,269.0,56.0,480.0,24.5,,,,,,
1073,86,65.0,55,85.4,156,53.0,601,12.2,8,100.0,435.0,17.0,361.0,38.8,,,,,,
1074,606,,472,18.0,239,39.7,435,35.9,601,1.7,601.0,1.6,601.0,3.6,,,,,,
1075,881,,501,3.8,501,12.3,601,6.4,601,5.8,297.0,46.0,232.0,60.3,,,,,,
1076,106,58.3,33,94.6,42,93.2,308,49.9,601,3.0,601.0,2.9,601.0,3.5,,,,,,
1077,324,32.9,367,22.8,501,15.4,601,2.2,20,99.3,513.0,10.2,460.0,26.4,,,,,,
1078,763,,501,13.8,185,47.9,601,15.4,601,1.8,344.0,35.0,601.0,1.7,,,,,,
1079,820,,501,4.3,501,8.5,601,4.3,601,11.3,511.0,10.2,75.0,96.3,,,,,,
1080,1040,,501,11.1,501,7.9,601,4.7,601,3.9,601.0,1.3,601.0,2.9,,,,,,
1081,1167,,501,9.7,501,17.4,601,1.6,601,16.1,601.0,1.2,601.0,1.1,,,,,,
1082,572,,501,8.6,501,2.6,601,14.6,147,69.2,601.0,3.6,601.0,2.9,,,,,,
1083,749,,501,14.8,501,2.2,601,13.0,493,25.2,341.0,36.0,434.0,29.1,,,,,,
1084,919,,501,10.5,222,42.9,601,4.8,601,5.7,601.0,4.8,601.0,4.3,,,,,,
1085,329,32.7,394,21.0,364,27.2,40,98.6,601,1.3,402.0,21.9,601.0,7.3,,,,,,
1086,328,32.8,362,23.1,501,16.7,601,20.6,310,45.6,58.0,100.0,192.0,70.4,,,,,,
1087,16,89.9,25,98.0,25,97.3,119,83.5,145,69.5,91.0,99.3,34.0,99.6,,,,,,
1088,296,34.9,386,21.5,237,40.2,44,98.0,601,1.4,601.0,1.4,331.0,43.0,,,,,,
1089,473,25.1,501,11.3,482,18.4,90,89.5,601,1.2,537.0,8.6,601.0,2.0,,,,,,
1090,524,,501,4.5,501,3.6,152,77.2,601,1.8,132.0,95.7,601.0,3.1,,,,,,
1091,177,46.6,258,32.8,472,19.0,298,52.4,175,63.9,77.0,99.8,226.0,61.7,,,,,,
1092,70,67.2,59,84.4,146,56.1,601,8.1,29,96.9,167.0,90.3,342.0,41.4,,,,,,
1093,1207,,501,5.7,501,12.1,601,5.8,601,2.7,570.0,7.0,601.0,3.4,,,,,,
1094,73,66.8,79,74.4,88,74.0,256,59.6,356,38.7,131.0,95.8,63.0,97.9,,,,,,
1095,842,,501,10.3,501,12.0,601,16.5,556,20.2,368.0,28.9,601.0,10.3,,,,,,
1096,316,33.6,183,44.4,501,12.2,601,9.5,277,50.3,495.0,11.5,362.0,38.8,,,,,,
1097,687,,501,7.7,501,6.1,601,21.0,444,29.5,303.0,44.7,307.0,46.5,,,,,,
1098,523,,501,14.5,374,26.1,601,3.5,465,27.7,222.0,72.2,100.0,92.6,,,,,,
1099,717,,501,15.7,219,43.9,601,13.8,601,2.0,366.0,29.2,382.0,36.1,,,,,,
1100,95,62.3,209,40.0,327,29.4,149,78.0,46,93.1,174.0,89.1,121.0,88.5,,,,,,
1101,977,,501,2.4,501,1.8,601,22.1,439,30.2,601.0,2.9,601.0,5.9,,,,,,
1102,691,,501,5.3,501,14.6,601,4.4,269,51.2,423.0,18.0,360.0,38.9,,,,,,
1103,911,,501,11.4,143,56.4,601,4.0,601,2.3,601.0,1.6,601.0,3.1,,,,,,
1104,209,42.7,248,33.8,187,47.8,601,5.0,139,70.1,141.0,94.5,115.0,89.4,,,,,,
1105,743,,501,9.2,501,13.6,601,7.8,547,20.8,284.0,50.7,179.0,73.6,,,,,,
1106,547,,501,4.7,501,2.8,77,91.2,601,6.3,601.0,1.8,601.0,3.9,,,,,,
1107,926,,501,12.5,501,15.8,601,14.3,601,6.2,601.0,1.2,601.0,5.9,,,,,,
1108,158,49.7,114,61.0,123,60.7,601,13.5,182,63.3,286.0,50.5,495.0,23.6,,,,,,
1109,231,40.2,341,25.0,246,38.7,601,4.9,78,86.2,166.0,90.5,205.0,67.8,,,,,,
1110,345,31.7,501,12.6,501,9.3,67,93.4,601,7.4,81.0,99.7,601.0,9.0,,,,,,
1111,471,25.1,501,14.4,501,15.3,601,13.9,229,55.8,268.0,56.3,561.0,18.3,,,,,,
1112,773,,369,22.6,343,28.7,601,6.1,601,7.2,601.0,4.4,601.0,1.6,,,,,,
1113,1268,,501,7.8,501,3.5,601,9.4,601,3.3,601.0,2.4,601.0,1.8,,,,,,
1114,830,,501,6.7,501,10.9,601,20.1,601,7.5,601.0,3.4,467.0,25.8,,,,,,
1115,1298,,501,9.3,501,10.2,601,1.9,601,2.2,601.0,1.2,601.0,11.0,,,,,,
1116,829,,501,14.4,419,22.4,601,10.5,601,15.2,525.0,9.4,601.0,15.4,,,,,,
1117,361,30.9,501,16.6,501,13.7,98,87.2,552,20.4,401.0,21.9,601.0,3.4,,,,,,
1118,93,62.6,89,70.6,73,79.5,357,44.0,325,43.4,190.0,83.9,113.0,89.4,,,,,,
1119,779,,501,12.7,501,15.0,601,22.6,601,12.6,418.0,19.1,428.0,30.1,,,,,,
1120,312,33.7,222,37.8,349,28.1,467,33.0,392,35.2,381.0,26.5,601.0,12.4,,,,,,
1121,610,,501,6.6,501,12.1,601,20.3,601,10.0,134.0,95.7,56.0,98.2,,,,,,
1122,97,61.5,75,75.9,91,73.2,478,32.5,121,74.4,514.0,10.0,405.0,32.6,,,,,,
1123,28,84.0,34,94.6,75,79.3,354,44.4,38,95.4,39.0,100.0,49.0,98.8,,,,,,
1124,901,,501,9.4,355,27.7,601,6.0,601,14.5,601.0,1.8,601.0,4.0,,,,,,
1125,654,,501,9.0,501,13.5,430,37.0,537,21.6,601.0,3.3,601.0,11.7,,,,,,
1126,614,,501,9.8,298,32.2,601,14.6,601,6.2,231.0,70.2,29.0,99.8,,,,,,
1127,554,,318,26.6,382,25.5,601,3.0,389,35.6,601.0,1.0,601.0,14.9,,,,,,
1128,121,56.1,277,30.4,271,35.0,206,67.5,26,97.6,43.0,100.0,325.0,44.0,,,,,,
1129,15,90.2,9,99.9,6,100.0,1,100.0,206,59.9,177.0,87.9,197.0,69.8,,,,,,
1130,803,,454,18.9,501,15.0,601,8.7,601,1.9,496.0,11.4,601.0,3.8,,,,,,
1131,882,,501,4.6,501,5.6,305,51.2,601,1.2,601.0,1.2,601.0,3.2,,,,,,
1132,1271,,501,6.6,501,10.3,601,5.5,601,1.8,601.0,1.5,601.0,2.3,,,,,,
1133,208,42.7,125,58.5,142,56.7,383,40.9,526,22.7,601.0,2.6,601.0,11.7,,,,,,
1134,379,29.4,501,16.5,501,6.6,601,4.4,39,95.1,362.0,30.1,601.0,11.6,,,,,,
1135,689,,501,11.5,501,16.6,590,24.3,409,32.6,576.0,6.8,601.0,5.1,,,,,,
1136,680,,501,4.9,501,16.1,208,66.9,601,1.6,601.0,2.0,601.0,2.3,,,,,,
1137,1280,,501,4.5,501,1.7,601,13.1,601,5.4,601.0,1.3,601.0,1.4,,,,,,
1138,202,43.9,158,50.2,56,87.7,234,62.8,601,7.1,601.0,3.6,601.0,13.2,,,,,,
1139,357,31.0,501,15.4,266,36.3,601,13.6,227,55.9,149.0,93.3,288.0,50.0,,,,,,
1140,459,25.5,280,30.2,153,53.2,601,19.3,601,11.4,601.0,1.4,386.0,35.6,,,,,,
1141,1022,,501,7.5,501,9.1,601,4.8,582,17.4,601.0,1.0,601.0,3.9,,,,,,
1142,338,32.2,481,17.7,501,10.0,601,20.1,261,52.2,126.0,96.5,98.0,93.6,,,,,,
1143,449,26.0,501,11.6,501,7.7,128,82.5,601,9.0,601.0,1.9,334.0,42.5,,,,,,
1144,104,58.9,122,59.1,87,74.2,359,43.5,272,51.0,168.0,90.3,143.0,83.6,,,,,,
1145,738,,382,21.8,501,7.9,601,14.3,545,21.2,601.0,1.1,601.0,6.1,,,,,,
1146,920,,446,19.1,501,13.1,555,26.8,601,1.2,601.0,1.3,601.0,1.2,,,,,,
1147,1198,,501,6.2,501,2.1,566,26.0,601,1.3,601.0,1.5,381.0,36.1,,,,,,
